id,block,risk,issue_type,layer,file_path,line,asset_id,selector_id,slot_key,registry_key,field,evidence,recommended_fix
B5-METHOD_BOUNDARY-0001,method_boundary,P0,clinical_or_high_stakes_claim,content_asset,content_assets/big5/result_page_v2/agent_runs/method_boundary_v0_5_normalized/content_asset_candidates.jsonl,4,candidate_content_method_boundary_v0_5_04,,module_10_method_privacy.method.facet_method,,body_zh,五个大维度下面各有更细的面向。它们能解释为什么同样是一个维度，有人表现为条理清楚，有人表现为责任感强，也有人主要体现在行动持续性上。细分面向的价值，是把一个宽泛维度拆开看；它的边界，是不能脱离整体结构单独下结论。一个细分...,"Big Five result content must not become clinical, hiring, income, success, or partner-matching advice."
B5-METHOD_BOUNDARY-0002,method_boundary,P1,overprescriptive_action,content_asset,content_assets/big5/result_page_v2/agent_runs/method_boundary_v0_5_normalized/content_asset_candidates.jsonl,5,candidate_content_method_boundary_v0_5_05,,module_10_method_privacy.method.facet_method,,body_zh,人格特质不是整齐的方块。一个人在尽责性上可能整体偏稳定，但条理、责任感、目标推进、持续性和谨慎决策并不一定同时突出。大维度像总览图，细分面向像局部放大。两者不一致时，最合理的读法是：先保留大维度的方向，再用细分面向寻找具...,"Action advice should be low-risk, optional, and non-prescriptive."
B5-METHOD_BOUNDARY-0003,method_boundary,P1,percentile_rank_precision,content_asset,content_assets/big5/result_page_v2/agent_runs/method_boundary_v0_5_normalized/content_asset_candidates.jsonl,6,candidate_content_method_boundary_v0_5_06,,module_10_method_privacy.method.norm_method,,body_zh,结果中的相对参照不是永远同一种强度。第一种情况是参照充分，报告可以更稳地解释某个倾向在样本中的位置。第二种情况是参照有限，报告可以保留方向判断，但要弱化精确比较。第三种情况是暂无可靠参照，此时仍可以读五维结构、细分面向和...,Percentile/norm wording must avoid exact rank implications.
B5-METHOD_BOUNDARY-0004,method_boundary,P1,quality_warning_spread,content_asset,content_assets/big5/result_page_v2/agent_runs/method_boundary_v0_5_normalized/content_asset_candidates.jsonl,8,candidate_content_method_boundary_v0_5_08,,module_10_method_privacy.boundary.low_quality_boundary,,short_body_zh,低质量不等于用户有问题，只表示这次结果不适合承载太强的解释。,Quality warnings should be conditional and not spread into normal-result copy.
B5-METHOD_BOUNDARY-0005,method_boundary,P1,overprescriptive_action,content_asset,content_assets/big5/result_page_v2/agent_runs/method_boundary_v0_5_normalized/content_asset_candidates.jsonl,11,candidate_content_method_boundary_v0_5_11,,module_10_method_privacy.boundary.non_screening_boundary,,body_zh,在组织场景中，大五结果有一个安全用途：帮助成员说明自己如何接收反馈、如何进入任务、在压力下需要什么支持。它不适合承担人事裁决功能。一个人的工作表现来自技能、经验、资源、管理方式和环境，不是由人格倾向单独决定。把测评用于沟...,"Action advice should be low-risk, optional, and non-prescriptive."
B5-METHOD_BOUNDARY-0006,method_boundary,P1,overprescriptive_action,content_asset,content_assets/big5/result_page_v2/agent_runs/method_boundary_v0_5_normalized/content_asset_candidates.jsonl,12,candidate_content_method_boundary_v0_5_12,,module_10_method_privacy.boundary.non_clinical_prediction_boundary,,body_zh,大五测评描述的是相对稳定的特质倾向，不是当下心理状态监测，也不是对未来结果的保证。它不能替代医疗或心理健康专业判断，不能决定一个人会不会成功、收入会怎样、关系能不能持续，也不能告诉你谁一定适合谁。真实人生由能力、资源、健...,"Action advice should be low-risk, optional, and non-prescriptive."
B5-METHOD_BOUNDARY-0007,method_boundary,P1,overprescriptive_action,content_asset,content_assets/big5/result_page_v2/agent_runs/method_boundary_v0_5_normalized/content_asset_candidates.jsonl,14,candidate_content_method_boundary_v0_5_14,,module_10_method_privacy.method.review_method,,body_zh,深度阅读不是把结论说得更满，而是把证据分层。五个大维度通常更适合做结构判断；细分面向更适合解释差异；双维组合能提示张力和资源；场景建议则需要回到用户自己的生活中检验。好的深度报告不应该让你更依赖一个标签，而应该让你更清楚...,"Action advice should be low-risk, optional, and non-prescriptive."
B5-DOMAIN_BANDS-0008,domain_bands,P2,ai_tone_marker,content_asset,content_assets/big5/result_page_v2/agent_runs/domain_bands_revised_v0_3_normalized/content_asset_candidates.jsonl,2,candidate_content_domain_bands_content_thickening_o_low_v0_1,,domain_deep_dive.O.low,,body_zh,开放性偏低时，你不是没有好奇心，而是更习惯先看一件事能不能落地。学习新领域时，你可能会先找清晰框架；工作中，你会问新流程到底解决什么问题；关系里，你对过于跳跃的表达可能需要更多解释。优势是能过滤噪音，不容易把精力花在漂亮...,Remove generic AI/report-template phrasing where user-visible.
B5-DOMAIN_BANDS-0009,domain_bands,P2,ai_tone_marker,content_asset,content_assets/big5/result_page_v2/agent_runs/domain_bands_revised_v0_3_normalized/content_asset_candidates.jsonl,3,candidate_content_domain_bands_content_thickening_o_mid_v0_1,,domain_deep_dive.O.mid,,summary_zh,你能理解新视角，也会检查它是否有解释力和落地价值。,Remove generic AI/report-template phrasing where user-visible.
B5-DOMAIN_BANDS-0010,domain_bands,P2,ai_tone_marker,content_asset,content_assets/big5/result_page_v2/agent_runs/domain_bands_revised_v0_3_normalized/content_asset_candidates.jsonl,4,candidate_content_domain_bands_content_thickening_o_high_v0_1,,domain_deep_dive.O.high,,body_zh,开放性偏高时，你往往不满足于表面答案。学习中，你会想知道一个知识背后的结构；工作中，你容易提出替代方案、发现隐藏变量；关系里，你也可能更愿意理解对方复杂的动机和感受。优势是想象力、跨界联想和审美敏感度更容易被调动。摩擦在...,Remove generic AI/report-template phrasing where user-visible.
B5-DOMAIN_BANDS-0011,domain_bands,P1,overprescriptive_action,content_asset,content_assets/big5/result_page_v2/agent_runs/domain_bands_revised_v0_3_normalized/content_asset_candidates.jsonl,8,candidate_content_domain_bands_content_thickening_c_mid_v0_1,,domain_deep_dive.C.mid,,cta_zh,把任务分成“必须稳定推进”和“可以灵活处理”两类。,"Action advice should be low-risk, optional, and non-prescriptive."
B5-DOMAIN_BANDS-0012,domain_bands,P1,overprescriptive_action,content_asset,content_assets/big5/result_page_v2/agent_runs/domain_bands_revised_v0_3_normalized/content_asset_candidates.jsonl,9,candidate_content_domain_bands_content_thickening_c_high_v0_1,,domain_deep_dive.C.high,,body_zh,尽责性偏高时，计划、责任和质量很容易进入你的判断中心。学习上，你可能愿意提前安排复习；工作中，你重视交付标准、流程和承诺；关系里，你也会在意别人是否可靠、是否说到做到。优势是稳、可信、能把复杂任务推进到结束。摩擦在于，你...,"Action advice should be low-risk, optional, and non-prescriptive."
B5-DOMAIN_BANDS-0013,domain_bands,P1,overprescriptive_action,content_asset,content_assets/big5/result_page_v2/agent_runs/domain_bands_revised_v0_3_normalized/content_asset_candidates.jsonl,13,candidate_content_domain_bands_content_thickening_e_mid_v0_1,,domain_deep_dive.E.mid,,body_zh,外倾性处在中间区间时，你可能在不同场景里很不一样。遇到熟悉的人、感兴趣的话题或清楚目标，你可以活跃表达；进入陌生、嘈杂或没有重点的场合，又可能很快感到疲惫。学习和工作中，你适合在独立思考和讨论反馈之间来回切换。优势是适应...,"Action advice should be low-risk, optional, and non-prescriptive."
B5-DOMAIN_BANDS-0014,domain_bands,P1,overprescriptive_action,content_asset,content_assets/big5/result_page_v2/agent_runs/domain_bands_revised_v0_3_normalized/content_asset_candidates.jsonl,20,candidate_content_domain_bands_content_thickening_a_very_high_v0_1,,domain_deep_dive.A.very_high,,body_zh,宜人性明显偏高时，你很容易先感受到他人的需要、尴尬、压力或期待。你可能在团队里主动协调，在关系里愿意退一步，在冲突中先寻找缓和方式。优势是亲和、可靠、能让人放下戒备。代价是你可能太快承担别人的情绪和任务，把“被需要”误当...,"Action advice should be low-risk, optional, and non-prescriptive."
B5-DOMAIN_BANDS-0015,domain_bands,P1,quality_warning_spread,content_asset,content_assets/big5/result_page_v2/agent_runs/domain_bands_revised_v0_3_normalized/content_asset_candidates.jsonl,23,candidate_content_domain_bands_content_thickening_n_mid_v0_1,,domain_deep_dive.N.mid,,body_zh,情绪性处在中间区间时，你的压力反应很依赖具体处境。对可控的小问题，你可能处理得很稳；当事情涉及评价、关系、健康、未来不确定或睡眠不足时，情绪波动会更明显。学习和工作中，你可能在普通任务里稳定，在高 stakes 场景中更...,Quality warnings should be conditional and not spread into normal-result copy.
B5-DOMAIN_BANDS-0016,domain_bands,P0,selector_public_payload_runtime_flags,selector_asset,content_assets/big5/result_page_v2/agent_runs/domain_bands_revised_v0_3_normalized/selector_asset_candidates.jsonl,1,candidate_content_domain_bands_content_thickening_o_very_low_v0_1,candidate_domain_bands_content_thickening_o_very_low_selector_v0_1,trait_deep_dive.domain_band.O.very_low,domain_registry,public_payload,"public_payload contains runtime_use,production_use_allowed,ready_for_pilot",Keep selector public payload reader-safe: candidate ref/title/summary only; move runtime flags to provenance/replacement_policy/internal metadata.
B5-DOMAIN_BANDS-0017,domain_bands,P0,selector_public_payload_runtime_flags,selector_asset,content_assets/big5/result_page_v2/agent_runs/domain_bands_revised_v0_3_normalized/selector_asset_candidates.jsonl,2,candidate_content_domain_bands_content_thickening_o_low_v0_1,candidate_domain_bands_content_thickening_o_low_selector_v0_1,trait_deep_dive.domain_band.O.low,domain_registry,public_payload,"public_payload contains runtime_use,production_use_allowed,ready_for_pilot",Keep selector public payload reader-safe: candidate ref/title/summary only; move runtime flags to provenance/replacement_policy/internal metadata.
B5-DOMAIN_BANDS-0018,domain_bands,P0,selector_public_payload_runtime_flags,selector_asset,content_assets/big5/result_page_v2/agent_runs/domain_bands_revised_v0_3_normalized/selector_asset_candidates.jsonl,3,candidate_content_domain_bands_content_thickening_o_mid_v0_1,candidate_domain_bands_content_thickening_o_mid_selector_v0_1,trait_deep_dive.domain_band.O.mid,domain_registry,public_payload,"public_payload contains runtime_use,production_use_allowed,ready_for_pilot",Keep selector public payload reader-safe: candidate ref/title/summary only; move runtime flags to provenance/replacement_policy/internal metadata.
B5-DOMAIN_BANDS-0019,domain_bands,P0,selector_public_payload_runtime_flags,selector_asset,content_assets/big5/result_page_v2/agent_runs/domain_bands_revised_v0_3_normalized/selector_asset_candidates.jsonl,4,candidate_content_domain_bands_content_thickening_o_high_v0_1,candidate_domain_bands_content_thickening_o_high_selector_v0_1,trait_deep_dive.domain_band.O.high,domain_registry,public_payload,"public_payload contains runtime_use,production_use_allowed,ready_for_pilot",Keep selector public payload reader-safe: candidate ref/title/summary only; move runtime flags to provenance/replacement_policy/internal metadata.
B5-DOMAIN_BANDS-0020,domain_bands,P0,selector_public_payload_runtime_flags,selector_asset,content_assets/big5/result_page_v2/agent_runs/domain_bands_revised_v0_3_normalized/selector_asset_candidates.jsonl,5,candidate_content_domain_bands_content_thickening_o_very_high_v0_1,candidate_domain_bands_content_thickening_o_very_high_selector_v0_1,trait_deep_dive.domain_band.O.very_high,domain_registry,public_payload,"public_payload contains runtime_use,production_use_allowed,ready_for_pilot",Keep selector public payload reader-safe: candidate ref/title/summary only; move runtime flags to provenance/replacement_policy/internal metadata.
B5-DOMAIN_BANDS-0021,domain_bands,P0,selector_public_payload_runtime_flags,selector_asset,content_assets/big5/result_page_v2/agent_runs/domain_bands_revised_v0_3_normalized/selector_asset_candidates.jsonl,6,candidate_content_domain_bands_content_thickening_c_very_low_v0_1,candidate_domain_bands_content_thickening_c_very_low_selector_v0_1,trait_deep_dive.domain_band.C.very_low,domain_registry,public_payload,"public_payload contains runtime_use,production_use_allowed,ready_for_pilot",Keep selector public payload reader-safe: candidate ref/title/summary only; move runtime flags to provenance/replacement_policy/internal metadata.
B5-DOMAIN_BANDS-0022,domain_bands,P0,selector_public_payload_runtime_flags,selector_asset,content_assets/big5/result_page_v2/agent_runs/domain_bands_revised_v0_3_normalized/selector_asset_candidates.jsonl,7,candidate_content_domain_bands_content_thickening_c_low_v0_1,candidate_domain_bands_content_thickening_c_low_selector_v0_1,trait_deep_dive.domain_band.C.low,domain_registry,public_payload,"public_payload contains runtime_use,production_use_allowed,ready_for_pilot",Keep selector public payload reader-safe: candidate ref/title/summary only; move runtime flags to provenance/replacement_policy/internal metadata.
B5-DOMAIN_BANDS-0023,domain_bands,P0,selector_public_payload_runtime_flags,selector_asset,content_assets/big5/result_page_v2/agent_runs/domain_bands_revised_v0_3_normalized/selector_asset_candidates.jsonl,8,candidate_content_domain_bands_content_thickening_c_mid_v0_1,candidate_domain_bands_content_thickening_c_mid_selector_v0_1,trait_deep_dive.domain_band.C.mid,domain_registry,public_payload,"public_payload contains runtime_use,production_use_allowed,ready_for_pilot",Keep selector public payload reader-safe: candidate ref/title/summary only; move runtime flags to provenance/replacement_policy/internal metadata.
B5-DOMAIN_BANDS-0024,domain_bands,P0,selector_public_payload_runtime_flags,selector_asset,content_assets/big5/result_page_v2/agent_runs/domain_bands_revised_v0_3_normalized/selector_asset_candidates.jsonl,9,candidate_content_domain_bands_content_thickening_c_high_v0_1,candidate_domain_bands_content_thickening_c_high_selector_v0_1,trait_deep_dive.domain_band.C.high,domain_registry,public_payload,"public_payload contains runtime_use,production_use_allowed,ready_for_pilot",Keep selector public payload reader-safe: candidate ref/title/summary only; move runtime flags to provenance/replacement_policy/internal metadata.
B5-DOMAIN_BANDS-0025,domain_bands,P0,selector_public_payload_runtime_flags,selector_asset,content_assets/big5/result_page_v2/agent_runs/domain_bands_revised_v0_3_normalized/selector_asset_candidates.jsonl,10,candidate_content_domain_bands_content_thickening_c_very_high_v0_1,candidate_domain_bands_content_thickening_c_very_high_selector_v0_1,trait_deep_dive.domain_band.C.very_high,domain_registry,public_payload,"public_payload contains runtime_use,production_use_allowed,ready_for_pilot",Keep selector public payload reader-safe: candidate ref/title/summary only; move runtime flags to provenance/replacement_policy/internal metadata.
B5-DOMAIN_BANDS-0026,domain_bands,P0,selector_public_payload_runtime_flags,selector_asset,content_assets/big5/result_page_v2/agent_runs/domain_bands_revised_v0_3_normalized/selector_asset_candidates.jsonl,11,candidate_content_domain_bands_content_thickening_e_very_low_v0_1,candidate_domain_bands_content_thickening_e_very_low_selector_v0_1,trait_deep_dive.domain_band.E.very_low,domain_registry,public_payload,"public_payload contains runtime_use,production_use_allowed,ready_for_pilot",Keep selector public payload reader-safe: candidate ref/title/summary only; move runtime flags to provenance/replacement_policy/internal metadata.
B5-DOMAIN_BANDS-0027,domain_bands,P0,selector_public_payload_runtime_flags,selector_asset,content_assets/big5/result_page_v2/agent_runs/domain_bands_revised_v0_3_normalized/selector_asset_candidates.jsonl,12,candidate_content_domain_bands_content_thickening_e_low_v0_1,candidate_domain_bands_content_thickening_e_low_selector_v0_1,trait_deep_dive.domain_band.E.low,domain_registry,public_payload,"public_payload contains runtime_use,production_use_allowed,ready_for_pilot",Keep selector public payload reader-safe: candidate ref/title/summary only; move runtime flags to provenance/replacement_policy/internal metadata.
B5-DOMAIN_BANDS-0028,domain_bands,P0,selector_public_payload_runtime_flags,selector_asset,content_assets/big5/result_page_v2/agent_runs/domain_bands_revised_v0_3_normalized/selector_asset_candidates.jsonl,13,candidate_content_domain_bands_content_thickening_e_mid_v0_1,candidate_domain_bands_content_thickening_e_mid_selector_v0_1,trait_deep_dive.domain_band.E.mid,domain_registry,public_payload,"public_payload contains runtime_use,production_use_allowed,ready_for_pilot",Keep selector public payload reader-safe: candidate ref/title/summary only; move runtime flags to provenance/replacement_policy/internal metadata.
B5-DOMAIN_BANDS-0029,domain_bands,P0,selector_public_payload_runtime_flags,selector_asset,content_assets/big5/result_page_v2/agent_runs/domain_bands_revised_v0_3_normalized/selector_asset_candidates.jsonl,14,candidate_content_domain_bands_content_thickening_e_high_v0_1,candidate_domain_bands_content_thickening_e_high_selector_v0_1,trait_deep_dive.domain_band.E.high,domain_registry,public_payload,"public_payload contains runtime_use,production_use_allowed,ready_for_pilot",Keep selector public payload reader-safe: candidate ref/title/summary only; move runtime flags to provenance/replacement_policy/internal metadata.
B5-DOMAIN_BANDS-0030,domain_bands,P0,selector_public_payload_runtime_flags,selector_asset,content_assets/big5/result_page_v2/agent_runs/domain_bands_revised_v0_3_normalized/selector_asset_candidates.jsonl,15,candidate_content_domain_bands_content_thickening_e_very_high_v0_1,candidate_domain_bands_content_thickening_e_very_high_selector_v0_1,trait_deep_dive.domain_band.E.very_high,domain_registry,public_payload,"public_payload contains runtime_use,production_use_allowed,ready_for_pilot",Keep selector public payload reader-safe: candidate ref/title/summary only; move runtime flags to provenance/replacement_policy/internal metadata.
B5-DOMAIN_BANDS-0031,domain_bands,P0,selector_public_payload_runtime_flags,selector_asset,content_assets/big5/result_page_v2/agent_runs/domain_bands_revised_v0_3_normalized/selector_asset_candidates.jsonl,16,candidate_content_domain_bands_content_thickening_a_very_low_v0_1,candidate_domain_bands_content_thickening_a_very_low_selector_v0_1,trait_deep_dive.domain_band.A.very_low,domain_registry,public_payload,"public_payload contains runtime_use,production_use_allowed,ready_for_pilot",Keep selector public payload reader-safe: candidate ref/title/summary only; move runtime flags to provenance/replacement_policy/internal metadata.
B5-DOMAIN_BANDS-0032,domain_bands,P0,selector_public_payload_runtime_flags,selector_asset,content_assets/big5/result_page_v2/agent_runs/domain_bands_revised_v0_3_normalized/selector_asset_candidates.jsonl,17,candidate_content_domain_bands_content_thickening_a_low_v0_1,candidate_domain_bands_content_thickening_a_low_selector_v0_1,trait_deep_dive.domain_band.A.low,domain_registry,public_payload,"public_payload contains runtime_use,production_use_allowed,ready_for_pilot",Keep selector public payload reader-safe: candidate ref/title/summary only; move runtime flags to provenance/replacement_policy/internal metadata.
B5-DOMAIN_BANDS-0033,domain_bands,P0,selector_public_payload_runtime_flags,selector_asset,content_assets/big5/result_page_v2/agent_runs/domain_bands_revised_v0_3_normalized/selector_asset_candidates.jsonl,18,candidate_content_domain_bands_content_thickening_a_mid_v0_1,candidate_domain_bands_content_thickening_a_mid_selector_v0_1,trait_deep_dive.domain_band.A.mid,domain_registry,public_payload,"public_payload contains runtime_use,production_use_allowed,ready_for_pilot",Keep selector public payload reader-safe: candidate ref/title/summary only; move runtime flags to provenance/replacement_policy/internal metadata.
B5-DOMAIN_BANDS-0034,domain_bands,P0,selector_public_payload_runtime_flags,selector_asset,content_assets/big5/result_page_v2/agent_runs/domain_bands_revised_v0_3_normalized/selector_asset_candidates.jsonl,19,candidate_content_domain_bands_content_thickening_a_high_v0_1,candidate_domain_bands_content_thickening_a_high_selector_v0_1,trait_deep_dive.domain_band.A.high,domain_registry,public_payload,"public_payload contains runtime_use,production_use_allowed,ready_for_pilot",Keep selector public payload reader-safe: candidate ref/title/summary only; move runtime flags to provenance/replacement_policy/internal metadata.
B5-DOMAIN_BANDS-0035,domain_bands,P0,selector_public_payload_runtime_flags,selector_asset,content_assets/big5/result_page_v2/agent_runs/domain_bands_revised_v0_3_normalized/selector_asset_candidates.jsonl,20,candidate_content_domain_bands_content_thickening_a_very_high_v0_1,candidate_domain_bands_content_thickening_a_very_high_selector_v0_1,trait_deep_dive.domain_band.A.very_high,domain_registry,public_payload,"public_payload contains runtime_use,production_use_allowed,ready_for_pilot",Keep selector public payload reader-safe: candidate ref/title/summary only; move runtime flags to provenance/replacement_policy/internal metadata.
B5-DOMAIN_BANDS-0036,domain_bands,P0,selector_public_payload_runtime_flags,selector_asset,content_assets/big5/result_page_v2/agent_runs/domain_bands_revised_v0_3_normalized/selector_asset_candidates.jsonl,21,candidate_content_domain_bands_content_thickening_n_very_low_v0_1,candidate_domain_bands_content_thickening_n_very_low_selector_v0_1,trait_deep_dive.domain_band.N.very_low,domain_registry,public_payload,"public_payload contains runtime_use,production_use_allowed,ready_for_pilot",Keep selector public payload reader-safe: candidate ref/title/summary only; move runtime flags to provenance/replacement_policy/internal metadata.
B5-DOMAIN_BANDS-0037,domain_bands,P0,selector_public_payload_runtime_flags,selector_asset,content_assets/big5/result_page_v2/agent_runs/domain_bands_revised_v0_3_normalized/selector_asset_candidates.jsonl,22,candidate_content_domain_bands_content_thickening_n_low_v0_1,candidate_domain_bands_content_thickening_n_low_selector_v0_1,trait_deep_dive.domain_band.N.low,domain_registry,public_payload,"public_payload contains runtime_use,production_use_allowed,ready_for_pilot",Keep selector public payload reader-safe: candidate ref/title/summary only; move runtime flags to provenance/replacement_policy/internal metadata.
B5-DOMAIN_BANDS-0038,domain_bands,P0,selector_public_payload_runtime_flags,selector_asset,content_assets/big5/result_page_v2/agent_runs/domain_bands_revised_v0_3_normalized/selector_asset_candidates.jsonl,23,candidate_content_domain_bands_content_thickening_n_mid_v0_1,candidate_domain_bands_content_thickening_n_mid_selector_v0_1,trait_deep_dive.domain_band.N.mid,domain_registry,public_payload,"public_payload contains runtime_use,production_use_allowed,ready_for_pilot",Keep selector public payload reader-safe: candidate ref/title/summary only; move runtime flags to provenance/replacement_policy/internal metadata.
B5-DOMAIN_BANDS-0039,domain_bands,P0,selector_public_payload_runtime_flags,selector_asset,content_assets/big5/result_page_v2/agent_runs/domain_bands_revised_v0_3_normalized/selector_asset_candidates.jsonl,24,candidate_content_domain_bands_content_thickening_n_high_v0_1,candidate_domain_bands_content_thickening_n_high_selector_v0_1,trait_deep_dive.domain_band.N.high,domain_registry,public_payload,"public_payload contains runtime_use,production_use_allowed,ready_for_pilot",Keep selector public payload reader-safe: candidate ref/title/summary only; move runtime flags to provenance/replacement_policy/internal metadata.
B5-DOMAIN_BANDS-0040,domain_bands,P0,selector_public_payload_runtime_flags,selector_asset,content_assets/big5/result_page_v2/agent_runs/domain_bands_revised_v0_3_normalized/selector_asset_candidates.jsonl,25,candidate_content_domain_bands_content_thickening_n_very_high_v0_1,candidate_domain_bands_content_thickening_n_very_high_selector_v0_1,trait_deep_dive.domain_band.N.very_high,domain_registry,public_payload,"public_payload contains runtime_use,production_use_allowed,ready_for_pilot",Keep selector public payload reader-safe: candidate ref/title/summary only; move runtime flags to provenance/replacement_policy/internal metadata.
B5-FACETS_30-0041,facets_30,P2,ai_tone_marker,content_asset,content_assets/big5/result_page_v2/agent_runs/facets_30_revised_v0_4_normalized/content_asset_candidates.jsonl,1,candidate_content_facet_content_thickening_o1_v0_1,,facet_details.o1.high_low_mismatch,,body_zh,想象力关注的是你是否容易在现实之外先做一轮“内在试演”：把尚未发生的情节、方案或关系变化在脑中展开。它属于开放性，但不等于创意高低；更像你靠近未知时，是否会先用画面、假设和可能性来理解。它在写作、方案构思、学习迁移和关系...,Remove generic AI/report-template phrasing where user-visible.
B5-FACETS_30-0042,facets_30,P1,overprescriptive_action,content_asset,content_assets/big5/result_page_v2/agent_runs/facets_30_revised_v0_4_normalized/content_asset_candidates.jsonl,5,candidate_content_facet_content_thickening_o5_v0_1,,facet_details.o5.high_low_mismatch,,body_zh,思辨兴趣不是“聪不聪明”的判断，而是你是否愿意追问一个问题背后的概念、逻辑和结构。它属于开放性，因为它让你不急着接受现成解释，而是想知道“为什么这样成立”。在学习、研究、策略判断和复杂沟通中，这项特质能帮助你看见深层原因...,"Action advice should be low-risk, optional, and non-prescriptive."
B5-FACETS_30-0043,facets_30,P1,percentile_rank_precision,content_asset,content_assets/big5/result_page_v2/agent_runs/facets_30_revised_v0_4_normalized/content_asset_candidates.jsonl,10,candidate_content_facet_content_thickening_c4_v0_1,,facet_details.c4.high_low_mismatch,,body_zh,成就追求关注你是否愿意为了目标持续投入，并把成果、进步和表现看得重要。它属于尽责性中更有驱动力的一面：不是能不能做，而是愿不愿意长期朝一个标准靠近。在学习和工作里，它会影响你是否愿意长期追目标、接受标准和反复打磨；在压力...,Percentile/norm wording must avoid exact rank implications.
B5-FACETS_30-0044,facets_30,P1,overprescriptive_action,content_asset,content_assets/big5/result_page_v2/agent_runs/facets_30_revised_v0_4_normalized/content_asset_candidates.jsonl,24,candidate_content_facet_content_thickening_a6_v0_1,,facet_details.a6.high_low_mismatch,,body_zh,共情反应关注你是否容易感受到他人的处境、痛苦、尴尬或需要。它属于宜人性中最有情感温度的一项。在关系和协作里，它会影响你是否容易感到他人的难处；在冲突中，也会影响你先理解情绪还是先处理问题。高一些时，你能让关系更柔软，也更...,"Action advice should be low-risk, optional, and non-prescriptive."
B5-FACETS_30-0045,facets_30,P0,selector_public_payload_runtime_flags,selector_asset,content_assets/big5/result_page_v2/agent_runs/facets_30_revised_v0_4_normalized/selector_asset_candidates.jsonl,1,candidate_content_facet_content_thickening_o1_v0_1,candidate_facet_content_thickening_o1_selector_v0_1,facet_reframe.o1.high_low_mismatch,facet_pattern_registry,public_payload,"public_payload contains runtime_use,production_use_allowed,ready_for_pilot",Keep selector public payload reader-safe: candidate ref/title/summary only; move runtime flags to provenance/replacement_policy/internal metadata.
B5-FACETS_30-0046,facets_30,P0,selector_public_payload_runtime_flags,selector_asset,content_assets/big5/result_page_v2/agent_runs/facets_30_revised_v0_4_normalized/selector_asset_candidates.jsonl,2,candidate_content_facet_content_thickening_o2_v0_1,candidate_facet_content_thickening_o2_selector_v0_1,facet_reframe.o2.high_low_mismatch,facet_pattern_registry,public_payload,"public_payload contains runtime_use,production_use_allowed,ready_for_pilot",Keep selector public payload reader-safe: candidate ref/title/summary only; move runtime flags to provenance/replacement_policy/internal metadata.
B5-FACETS_30-0047,facets_30,P0,selector_public_payload_runtime_flags,selector_asset,content_assets/big5/result_page_v2/agent_runs/facets_30_revised_v0_4_normalized/selector_asset_candidates.jsonl,3,candidate_content_facet_content_thickening_o3_v0_1,candidate_facet_content_thickening_o3_selector_v0_1,facet_reframe.o3.high_low_mismatch,facet_pattern_registry,public_payload,"public_payload contains runtime_use,production_use_allowed,ready_for_pilot",Keep selector public payload reader-safe: candidate ref/title/summary only; move runtime flags to provenance/replacement_policy/internal metadata.
B5-FACETS_30-0048,facets_30,P0,selector_public_payload_runtime_flags,selector_asset,content_assets/big5/result_page_v2/agent_runs/facets_30_revised_v0_4_normalized/selector_asset_candidates.jsonl,4,candidate_content_facet_content_thickening_o4_v0_1,candidate_facet_content_thickening_o4_selector_v0_1,facet_reframe.o4.high_low_mismatch,facet_pattern_registry,public_payload,"public_payload contains runtime_use,production_use_allowed,ready_for_pilot",Keep selector public payload reader-safe: candidate ref/title/summary only; move runtime flags to provenance/replacement_policy/internal metadata.
B5-FACETS_30-0049,facets_30,P0,selector_public_payload_runtime_flags,selector_asset,content_assets/big5/result_page_v2/agent_runs/facets_30_revised_v0_4_normalized/selector_asset_candidates.jsonl,5,candidate_content_facet_content_thickening_o5_v0_1,candidate_facet_content_thickening_o5_selector_v0_1,facet_reframe.o5.high_low_mismatch,facet_pattern_registry,public_payload,"public_payload contains runtime_use,production_use_allowed,ready_for_pilot",Keep selector public payload reader-safe: candidate ref/title/summary only; move runtime flags to provenance/replacement_policy/internal metadata.
B5-FACETS_30-0050,facets_30,P0,selector_public_payload_runtime_flags,selector_asset,content_assets/big5/result_page_v2/agent_runs/facets_30_revised_v0_4_normalized/selector_asset_candidates.jsonl,6,candidate_content_facet_content_thickening_o6_v0_1,candidate_facet_content_thickening_o6_selector_v0_1,facet_reframe.o6.high_low_mismatch,facet_pattern_registry,public_payload,"public_payload contains runtime_use,production_use_allowed,ready_for_pilot",Keep selector public payload reader-safe: candidate ref/title/summary only; move runtime flags to provenance/replacement_policy/internal metadata.
B5-FACETS_30-0051,facets_30,P0,selector_public_payload_runtime_flags,selector_asset,content_assets/big5/result_page_v2/agent_runs/facets_30_revised_v0_4_normalized/selector_asset_candidates.jsonl,7,candidate_content_facet_content_thickening_c1_v0_1,candidate_facet_content_thickening_c1_selector_v0_1,facet_reframe.c1.high_low_mismatch,facet_pattern_registry,public_payload,"public_payload contains runtime_use,production_use_allowed,ready_for_pilot",Keep selector public payload reader-safe: candidate ref/title/summary only; move runtime flags to provenance/replacement_policy/internal metadata.
B5-FACETS_30-0052,facets_30,P0,selector_public_payload_runtime_flags,selector_asset,content_assets/big5/result_page_v2/agent_runs/facets_30_revised_v0_4_normalized/selector_asset_candidates.jsonl,8,candidate_content_facet_content_thickening_c2_v0_1,candidate_facet_content_thickening_c2_selector_v0_1,facet_reframe.c2.high_low_mismatch,facet_pattern_registry,public_payload,"public_payload contains runtime_use,production_use_allowed,ready_for_pilot",Keep selector public payload reader-safe: candidate ref/title/summary only; move runtime flags to provenance/replacement_policy/internal metadata.
B5-FACETS_30-0053,facets_30,P0,selector_public_payload_runtime_flags,selector_asset,content_assets/big5/result_page_v2/agent_runs/facets_30_revised_v0_4_normalized/selector_asset_candidates.jsonl,9,candidate_content_facet_content_thickening_c3_v0_1,candidate_facet_content_thickening_c3_selector_v0_1,facet_reframe.c3.high_low_mismatch,facet_pattern_registry,public_payload,"public_payload contains runtime_use,production_use_allowed,ready_for_pilot",Keep selector public payload reader-safe: candidate ref/title/summary only; move runtime flags to provenance/replacement_policy/internal metadata.
B5-FACETS_30-0054,facets_30,P0,selector_public_payload_runtime_flags,selector_asset,content_assets/big5/result_page_v2/agent_runs/facets_30_revised_v0_4_normalized/selector_asset_candidates.jsonl,10,candidate_content_facet_content_thickening_c4_v0_1,candidate_facet_content_thickening_c4_selector_v0_1,facet_reframe.c4.high_low_mismatch,facet_pattern_registry,public_payload,"public_payload contains runtime_use,production_use_allowed,ready_for_pilot",Keep selector public payload reader-safe: candidate ref/title/summary only; move runtime flags to provenance/replacement_policy/internal metadata.
B5-FACETS_30-0055,facets_30,P0,selector_public_payload_runtime_flags,selector_asset,content_assets/big5/result_page_v2/agent_runs/facets_30_revised_v0_4_normalized/selector_asset_candidates.jsonl,11,candidate_content_facet_content_thickening_c5_v0_1,candidate_facet_content_thickening_c5_selector_v0_1,facet_reframe.c5.high_low_mismatch,facet_pattern_registry,public_payload,"public_payload contains runtime_use,production_use_allowed,ready_for_pilot",Keep selector public payload reader-safe: candidate ref/title/summary only; move runtime flags to provenance/replacement_policy/internal metadata.
B5-FACETS_30-0056,facets_30,P0,selector_public_payload_runtime_flags,selector_asset,content_assets/big5/result_page_v2/agent_runs/facets_30_revised_v0_4_normalized/selector_asset_candidates.jsonl,12,candidate_content_facet_content_thickening_c6_v0_1,candidate_facet_content_thickening_c6_selector_v0_1,facet_reframe.c6.high_low_mismatch,facet_pattern_registry,public_payload,"public_payload contains runtime_use,production_use_allowed,ready_for_pilot",Keep selector public payload reader-safe: candidate ref/title/summary only; move runtime flags to provenance/replacement_policy/internal metadata.
B5-FACETS_30-0057,facets_30,P0,selector_public_payload_runtime_flags,selector_asset,content_assets/big5/result_page_v2/agent_runs/facets_30_revised_v0_4_normalized/selector_asset_candidates.jsonl,13,candidate_content_facet_content_thickening_e1_v0_1,candidate_facet_content_thickening_e1_selector_v0_1,facet_reframe.e1.high_low_mismatch,facet_pattern_registry,public_payload,"public_payload contains runtime_use,production_use_allowed,ready_for_pilot",Keep selector public payload reader-safe: candidate ref/title/summary only; move runtime flags to provenance/replacement_policy/internal metadata.
B5-FACETS_30-0058,facets_30,P0,selector_public_payload_runtime_flags,selector_asset,content_assets/big5/result_page_v2/agent_runs/facets_30_revised_v0_4_normalized/selector_asset_candidates.jsonl,14,candidate_content_facet_content_thickening_e2_v0_1,candidate_facet_content_thickening_e2_selector_v0_1,facet_reframe.e2.high_low_mismatch,facet_pattern_registry,public_payload,"public_payload contains runtime_use,production_use_allowed,ready_for_pilot",Keep selector public payload reader-safe: candidate ref/title/summary only; move runtime flags to provenance/replacement_policy/internal metadata.
B5-FACETS_30-0059,facets_30,P0,selector_public_payload_runtime_flags,selector_asset,content_assets/big5/result_page_v2/agent_runs/facets_30_revised_v0_4_normalized/selector_asset_candidates.jsonl,15,candidate_content_facet_content_thickening_e3_v0_1,candidate_facet_content_thickening_e3_selector_v0_1,facet_reframe.e3.high_low_mismatch,facet_pattern_registry,public_payload,"public_payload contains runtime_use,production_use_allowed,ready_for_pilot",Keep selector public payload reader-safe: candidate ref/title/summary only; move runtime flags to provenance/replacement_policy/internal metadata.
B5-FACETS_30-0060,facets_30,P0,selector_public_payload_runtime_flags,selector_asset,content_assets/big5/result_page_v2/agent_runs/facets_30_revised_v0_4_normalized/selector_asset_candidates.jsonl,16,candidate_content_facet_content_thickening_e4_v0_1,candidate_facet_content_thickening_e4_selector_v0_1,facet_reframe.e4.high_low_mismatch,facet_pattern_registry,public_payload,"public_payload contains runtime_use,production_use_allowed,ready_for_pilot",Keep selector public payload reader-safe: candidate ref/title/summary only; move runtime flags to provenance/replacement_policy/internal metadata.
B5-FACETS_30-0061,facets_30,P0,selector_public_payload_runtime_flags,selector_asset,content_assets/big5/result_page_v2/agent_runs/facets_30_revised_v0_4_normalized/selector_asset_candidates.jsonl,17,candidate_content_facet_content_thickening_e5_v0_1,candidate_facet_content_thickening_e5_selector_v0_1,facet_reframe.e5.high_low_mismatch,facet_pattern_registry,public_payload,"public_payload contains runtime_use,production_use_allowed,ready_for_pilot",Keep selector public payload reader-safe: candidate ref/title/summary only; move runtime flags to provenance/replacement_policy/internal metadata.
B5-FACETS_30-0062,facets_30,P0,selector_public_payload_runtime_flags,selector_asset,content_assets/big5/result_page_v2/agent_runs/facets_30_revised_v0_4_normalized/selector_asset_candidates.jsonl,18,candidate_content_facet_content_thickening_e6_v0_1,candidate_facet_content_thickening_e6_selector_v0_1,facet_reframe.e6.high_low_mismatch,facet_pattern_registry,public_payload,"public_payload contains runtime_use,production_use_allowed,ready_for_pilot",Keep selector public payload reader-safe: candidate ref/title/summary only; move runtime flags to provenance/replacement_policy/internal metadata.
B5-FACETS_30-0063,facets_30,P0,selector_public_payload_runtime_flags,selector_asset,content_assets/big5/result_page_v2/agent_runs/facets_30_revised_v0_4_normalized/selector_asset_candidates.jsonl,19,candidate_content_facet_content_thickening_a1_v0_1,candidate_facet_content_thickening_a1_selector_v0_1,facet_reframe.a1.high_low_mismatch,facet_pattern_registry,public_payload,"public_payload contains runtime_use,production_use_allowed,ready_for_pilot",Keep selector public payload reader-safe: candidate ref/title/summary only; move runtime flags to provenance/replacement_policy/internal metadata.
B5-FACETS_30-0064,facets_30,P0,selector_public_payload_runtime_flags,selector_asset,content_assets/big5/result_page_v2/agent_runs/facets_30_revised_v0_4_normalized/selector_asset_candidates.jsonl,20,candidate_content_facet_content_thickening_a2_v0_1,candidate_facet_content_thickening_a2_selector_v0_1,facet_reframe.a2.high_low_mismatch,facet_pattern_registry,public_payload,"public_payload contains runtime_use,production_use_allowed,ready_for_pilot",Keep selector public payload reader-safe: candidate ref/title/summary only; move runtime flags to provenance/replacement_policy/internal metadata.
B5-FACETS_30-0065,facets_30,P0,selector_public_payload_runtime_flags,selector_asset,content_assets/big5/result_page_v2/agent_runs/facets_30_revised_v0_4_normalized/selector_asset_candidates.jsonl,21,candidate_content_facet_content_thickening_a3_v0_1,candidate_facet_content_thickening_a3_selector_v0_1,facet_reframe.a3.high_low_mismatch,facet_pattern_registry,public_payload,"public_payload contains runtime_use,production_use_allowed,ready_for_pilot",Keep selector public payload reader-safe: candidate ref/title/summary only; move runtime flags to provenance/replacement_policy/internal metadata.
B5-FACETS_30-0066,facets_30,P0,selector_public_payload_runtime_flags,selector_asset,content_assets/big5/result_page_v2/agent_runs/facets_30_revised_v0_4_normalized/selector_asset_candidates.jsonl,22,candidate_content_facet_content_thickening_a4_v0_1,candidate_facet_content_thickening_a4_selector_v0_1,facet_reframe.a4.high_low_mismatch,facet_pattern_registry,public_payload,"public_payload contains runtime_use,production_use_allowed,ready_for_pilot",Keep selector public payload reader-safe: candidate ref/title/summary only; move runtime flags to provenance/replacement_policy/internal metadata.
B5-FACETS_30-0067,facets_30,P0,selector_public_payload_runtime_flags,selector_asset,content_assets/big5/result_page_v2/agent_runs/facets_30_revised_v0_4_normalized/selector_asset_candidates.jsonl,23,candidate_content_facet_content_thickening_a5_v0_1,candidate_facet_content_thickening_a5_selector_v0_1,facet_reframe.a5.high_low_mismatch,facet_pattern_registry,public_payload,"public_payload contains runtime_use,production_use_allowed,ready_for_pilot",Keep selector public payload reader-safe: candidate ref/title/summary only; move runtime flags to provenance/replacement_policy/internal metadata.
B5-FACETS_30-0068,facets_30,P0,selector_public_payload_runtime_flags,selector_asset,content_assets/big5/result_page_v2/agent_runs/facets_30_revised_v0_4_normalized/selector_asset_candidates.jsonl,24,candidate_content_facet_content_thickening_a6_v0_1,candidate_facet_content_thickening_a6_selector_v0_1,facet_reframe.a6.high_low_mismatch,facet_pattern_registry,public_payload,"public_payload contains runtime_use,production_use_allowed,ready_for_pilot",Keep selector public payload reader-safe: candidate ref/title/summary only; move runtime flags to provenance/replacement_policy/internal metadata.
B5-FACETS_30-0069,facets_30,P0,selector_public_payload_runtime_flags,selector_asset,content_assets/big5/result_page_v2/agent_runs/facets_30_revised_v0_4_normalized/selector_asset_candidates.jsonl,25,candidate_content_facet_content_thickening_n1_v0_1,candidate_facet_content_thickening_n1_selector_v0_1,facet_reframe.n1.high_low_mismatch,facet_pattern_registry,public_payload,"public_payload contains runtime_use,production_use_allowed,ready_for_pilot",Keep selector public payload reader-safe: candidate ref/title/summary only; move runtime flags to provenance/replacement_policy/internal metadata.
B5-FACETS_30-0070,facets_30,P0,selector_public_payload_runtime_flags,selector_asset,content_assets/big5/result_page_v2/agent_runs/facets_30_revised_v0_4_normalized/selector_asset_candidates.jsonl,26,candidate_content_facet_content_thickening_n2_v0_1,candidate_facet_content_thickening_n2_selector_v0_1,facet_reframe.n2.high_low_mismatch,facet_pattern_registry,public_payload,"public_payload contains runtime_use,production_use_allowed,ready_for_pilot",Keep selector public payload reader-safe: candidate ref/title/summary only; move runtime flags to provenance/replacement_policy/internal metadata.
B5-FACETS_30-0071,facets_30,P0,selector_public_payload_runtime_flags,selector_asset,content_assets/big5/result_page_v2/agent_runs/facets_30_revised_v0_4_normalized/selector_asset_candidates.jsonl,27,candidate_content_facet_content_thickening_n3_v0_1,candidate_facet_content_thickening_n3_selector_v0_1,facet_reframe.n3.high_low_mismatch,facet_pattern_registry,public_payload,"public_payload contains runtime_use,production_use_allowed,ready_for_pilot",Keep selector public payload reader-safe: candidate ref/title/summary only; move runtime flags to provenance/replacement_policy/internal metadata.
B5-FACETS_30-0072,facets_30,P0,selector_public_payload_runtime_flags,selector_asset,content_assets/big5/result_page_v2/agent_runs/facets_30_revised_v0_4_normalized/selector_asset_candidates.jsonl,28,candidate_content_facet_content_thickening_n4_v0_1,candidate_facet_content_thickening_n4_selector_v0_1,facet_reframe.n4.high_low_mismatch,facet_pattern_registry,public_payload,"public_payload contains runtime_use,production_use_allowed,ready_for_pilot",Keep selector public payload reader-safe: candidate ref/title/summary only; move runtime flags to provenance/replacement_policy/internal metadata.
B5-FACETS_30-0073,facets_30,P0,selector_public_payload_runtime_flags,selector_asset,content_assets/big5/result_page_v2/agent_runs/facets_30_revised_v0_4_normalized/selector_asset_candidates.jsonl,29,candidate_content_facet_content_thickening_n5_v0_1,candidate_facet_content_thickening_n5_selector_v0_1,facet_reframe.n5.high_low_mismatch,facet_pattern_registry,public_payload,"public_payload contains runtime_use,production_use_allowed,ready_for_pilot",Keep selector public payload reader-safe: candidate ref/title/summary only; move runtime flags to provenance/replacement_policy/internal metadata.
B5-FACETS_30-0074,facets_30,P0,selector_public_payload_runtime_flags,selector_asset,content_assets/big5/result_page_v2/agent_runs/facets_30_revised_v0_4_normalized/selector_asset_candidates.jsonl,30,candidate_content_facet_content_thickening_n6_v0_1,candidate_facet_content_thickening_n6_selector_v0_1,facet_reframe.n6.high_low_mismatch,facet_pattern_registry,public_payload,"public_payload contains runtime_use,production_use_allowed,ready_for_pilot",Keep selector public payload reader-safe: candidate ref/title/summary only; move runtime flags to provenance/replacement_policy/internal metadata.
B5-COUPLING_VARIANTS-0075,coupling_variants,P1,overprescriptive_action,content_asset,content_assets/big5/result_page_v2/agent_runs/coupling_variants_revised_v0_2_normalized/content_asset_candidates.jsonl,6,candidate_content_coupling_content_thickening_c_high_x_a_high_v0_1,,core_portrait.c_high_x_a_high.thickened,,body_zh,这组组合很适合需要信任、交付和协作的场景。学习或工作中，你可能会主动补漏洞、顾及他人的节奏，也愿意把事情做到让人放心。优势是责任感和合作感能同时出现；代价是你也容易把“我能做好”和“我应该多做”混在一起，最后承担了过多隐...,"Action advice should be low-risk, optional, and non-prescriptive."
B5-COUPLING_VARIANTS-0076,coupling_variants,P1,overprescriptive_action,content_asset,content_assets/big5/result_page_v2/agent_runs/coupling_variants_revised_v0_2_normalized/content_asset_candidates.jsonl,7,candidate_content_coupling_content_thickening_c_high_x_a_low_v0_1,,core_portrait.c_high_x_a_low.thickened,,cta_zh,提出修改意见时，先说明共同目标，再指出必须调整的部分。,"Action advice should be low-risk, optional, and non-prescriptive."
B5-COUPLING_VARIANTS-0077,coupling_variants,P1,fixed_type_framing,content_asset,content_assets/big5/result_page_v2/agent_runs/coupling_variants_revised_v0_2_normalized/content_asset_candidates.jsonl,8,candidate_content_coupling_content_thickening_c_high_x_e_high_v0_1,,core_portrait.c_high_x_e_high.thickened,,body_zh,这组组合适合需要组织、推动、公开表达的场景。你可能在会议、项目或学习小组里很快站出来，既能调动气氛，也能追踪进度。优势是可见度和执行力同时存在；代价是节奏可能过快，别人还在理解，你已经进入分工和推进。它不是天生领导结论，...,"Profiles/couplings must remain current score-structure clues, not identity types."
B5-COUPLING_VARIANTS-0078,coupling_variants,P1,quality_warning_spread,content_asset,content_assets/big5/result_page_v2/agent_runs/coupling_variants_revised_v0_2_normalized/content_asset_candidates.jsonl,11,candidate_content_coupling_content_thickening_c_high_x_n_low_v0_1,,core_portrait.c_high_x_n_low.thickened,,body_zh,这组组合的优势在于稳定。别人容易相信你能把事情接住，你也不太会因为小波动就改变计划。学习和工作中，这能减少情绪对执行的干扰。代价是，当身体疲劳、关系紧张或项目方向已经出现微小异常时，你可能仍然照计划继续，较晚调整。它不是...,Quality warnings should be conditional and not spread into normal-result copy.
B5-COUPLING_VARIANTS-0079,coupling_variants,P2,ai_tone_marker,content_asset,content_assets/big5/result_page_v2/agent_runs/coupling_variants_revised_v0_2_normalized/content_asset_candidates.jsonl,34,candidate_content_coupling_content_thickening_o_high_x_c_high_v0_1,,core_portrait.o_high_x_c_high.thickened,,body_zh,这组组合的优势是“能想，也能做”。你可能既愿意探索新方案，又不会满足于停留在灵感阶段；学习或工作中，适合把复杂材料整理成可执行路径。代价是，你可能把一个想法越做越大，既追求新颖，又追求完整，导致启动门槛很高。它不是完美主...,Remove generic AI/report-template phrasing where user-visible.
B5-COUPLING_VARIANTS-0080,coupling_variants,P2,ai_tone_marker,content_asset,content_assets/big5/result_page_v2/agent_runs/coupling_variants_revised_v0_2_normalized/content_asset_candidates.jsonl,34,candidate_content_coupling_content_thickening_o_high_x_c_high_v0_1,,core_portrait.o_high_x_c_high.thickened,,short_body_zh,高开放打开可能性，高尽责负责取舍和落地；组合好时，适合研究、设计、长期项目和复杂问题拆解。,Remove generic AI/report-template phrasing where user-visible.
B5-COUPLING_VARIANTS-0081,coupling_variants,P2,ai_tone_marker,content_asset,content_assets/big5/result_page_v2/agent_runs/coupling_variants_revised_v0_2_normalized/content_asset_candidates.jsonl,35,candidate_content_coupling_content_thickening_o_high_x_c_low_v0_1,,core_portrait.o_high_x_c_low.thickened,,body_zh,这组组合能带来很多新入口。你可能很快看见不同方案、不同解释、不同可能性；优势是不会被旧路径困住。代价是，如果没有外部容器，想法容易堆积，项目之间互相抢注意力，最后难以沉淀。它不是散漫，也不是只会空想，而是说明“生成”和“...,Remove generic AI/report-template phrasing where user-visible.
B5-COUPLING_VARIANTS-0082,coupling_variants,P1,fixed_type_framing,content_asset,content_assets/big5/result_page_v2/agent_runs/coupling_variants_revised_v0_2_normalized/content_asset_candidates.jsonl,39,candidate_content_coupling_content_thickening_o_high_x_n_low_v0_1,,core_portrait.o_high_x_n_low.thickened,,body_zh,这组组合能让你在不确定中保持好奇。别人还在担心时，你可能已经愿意先看看、先试试、先拆解可能性。优势是开放而不容易被紧张困住；代价是，你也可能低估某些风险信号，尤其当新方向很吸引你时。它不是莽撞，也不是天生适应变化，只是说...,"Profiles/couplings must remain current score-structure clues, not identity types."
B5-COUPLING_VARIANTS-0083,coupling_variants,P2,ai_tone_marker,content_asset,content_assets/big5/result_page_v2/agent_runs/coupling_variants_revised_v0_2_normalized/content_asset_candidates.jsonl,42,candidate_content_coupling_content_thickening_o_low_x_c_high_v0_1,,core_portrait.o_low_x_c_high.thickened,,body_zh,这组组合很适合把已经证明有效的事做稳。你可能不急着换方法，但一旦确认方向，就会重视流程、责任和结果。优势是可靠、可复制、少冒不必要的风险；代价是当环境变化很快，旧方法可能被保护得太久，新信息进入较慢。它不是缺乏创造力，而...,Remove generic AI/report-template phrasing where user-visible.
B5-COUPLING_VARIANTS-0084,coupling_variants,P2,ai_tone_marker,content_asset,content_assets/big5/result_page_v2/agent_runs/coupling_variants_revised_v0_2_normalized/content_asset_candidates.jsonl,43,candidate_content_coupling_content_thickening_o_low_x_c_low_v0_1,,core_portrait.o_low_x_c_low.thickened,,body_zh,这组组合能让你少被抽象讨论和繁琐计划消耗。你可能更愿意先看眼前是否能解决，而不是先搭框架。优势是轻装、务实、不被形式绑住；代价是遇到长期复杂问题时，既不想大幅探索，也不想建立细结构，事情容易靠临时处理维持。它不是能力问题...,Remove generic AI/report-template phrasing where user-visible.
B5-COUPLING_VARIANTS-0085,coupling_variants,P2,ai_tone_marker,content_asset,content_assets/big5/result_page_v2/agent_runs/coupling_variants_revised_v0_2_normalized/content_asset_candidates.jsonl,49,candidate_content_coupling_content_thickening_o_mid_x_c_high_v0_1,,core_portrait.o_mid_x_c_high.thickened,,body_zh,这组组合的优势是不会盲目求新，也不会只守旧。你可能愿意听新方案，但会自然追问目标、步骤、风险和验收方式。这样能让创意更容易落地，也能减少空转。代价是，如果验证条件太多，新方向会在进入前被消耗掉。它不是保守，而是说明你的探...,Remove generic AI/report-template phrasing where user-visible.
B5-COUPLING_VARIANTS-0086,coupling_variants,P0,selector_public_payload_runtime_flags,selector_asset,content_assets/big5/result_page_v2/agent_runs/coupling_variants_revised_v0_2_normalized/selector_asset_candidates.jsonl,1,candidate_content_coupling_content_thickening_a_high_x_n_high_v0_1,candidate_coupling_content_thickening_a_high_x_n_high_selector_v0_1,coupling_cards.a_high_x_n_high.thickened,coupling_registry,public_payload,"public_payload contains runtime_use,production_use_allowed,ready_for_pilot",Keep selector public payload reader-safe: candidate ref/title/summary only; move runtime flags to provenance/replacement_policy/internal metadata.
B5-COUPLING_VARIANTS-0087,coupling_variants,P0,selector_public_payload_runtime_flags,selector_asset,content_assets/big5/result_page_v2/agent_runs/coupling_variants_revised_v0_2_normalized/selector_asset_candidates.jsonl,2,candidate_content_coupling_content_thickening_a_high_x_n_low_v0_1,candidate_coupling_content_thickening_a_high_x_n_low_selector_v0_1,coupling_cards.a_high_x_n_low.thickened,coupling_registry,public_payload,"public_payload contains runtime_use,production_use_allowed,ready_for_pilot",Keep selector public payload reader-safe: candidate ref/title/summary only; move runtime flags to provenance/replacement_policy/internal metadata.
B5-COUPLING_VARIANTS-0088,coupling_variants,P0,selector_public_payload_runtime_flags,selector_asset,content_assets/big5/result_page_v2/agent_runs/coupling_variants_revised_v0_2_normalized/selector_asset_candidates.jsonl,3,candidate_content_coupling_content_thickening_a_low_x_n_high_v0_1,candidate_coupling_content_thickening_a_low_x_n_high_selector_v0_1,coupling_cards.a_low_x_n_high.thickened,coupling_registry,public_payload,"public_payload contains runtime_use,production_use_allowed,ready_for_pilot",Keep selector public payload reader-safe: candidate ref/title/summary only; move runtime flags to provenance/replacement_policy/internal metadata.
B5-COUPLING_VARIANTS-0089,coupling_variants,P0,selector_public_payload_runtime_flags,selector_asset,content_assets/big5/result_page_v2/agent_runs/coupling_variants_revised_v0_2_normalized/selector_asset_candidates.jsonl,4,candidate_content_coupling_content_thickening_a_low_x_n_low_v0_1,candidate_coupling_content_thickening_a_low_x_n_low_selector_v0_1,coupling_cards.a_low_x_n_low.thickened,coupling_registry,public_payload,"public_payload contains runtime_use,production_use_allowed,ready_for_pilot",Keep selector public payload reader-safe: candidate ref/title/summary only; move runtime flags to provenance/replacement_policy/internal metadata.
B5-COUPLING_VARIANTS-0090,coupling_variants,P0,selector_public_payload_runtime_flags,selector_asset,content_assets/big5/result_page_v2/agent_runs/coupling_variants_revised_v0_2_normalized/selector_asset_candidates.jsonl,5,candidate_content_coupling_content_thickening_a_mid_x_n_high_v0_1,candidate_coupling_content_thickening_a_mid_x_n_high_selector_v0_1,coupling_cards.a_mid_x_n_high.thickened,coupling_registry,public_payload,"public_payload contains runtime_use,production_use_allowed,ready_for_pilot",Keep selector public payload reader-safe: candidate ref/title/summary only; move runtime flags to provenance/replacement_policy/internal metadata.
B5-COUPLING_VARIANTS-0091,coupling_variants,P0,selector_public_payload_runtime_flags,selector_asset,content_assets/big5/result_page_v2/agent_runs/coupling_variants_revised_v0_2_normalized/selector_asset_candidates.jsonl,6,candidate_content_coupling_content_thickening_c_high_x_a_high_v0_1,candidate_coupling_content_thickening_c_high_x_a_high_selector_v0_1,coupling_cards.c_high_x_a_high.thickened,coupling_registry,public_payload,"public_payload contains runtime_use,production_use_allowed,ready_for_pilot",Keep selector public payload reader-safe: candidate ref/title/summary only; move runtime flags to provenance/replacement_policy/internal metadata.
B5-COUPLING_VARIANTS-0092,coupling_variants,P0,selector_public_payload_runtime_flags,selector_asset,content_assets/big5/result_page_v2/agent_runs/coupling_variants_revised_v0_2_normalized/selector_asset_candidates.jsonl,7,candidate_content_coupling_content_thickening_c_high_x_a_low_v0_1,candidate_coupling_content_thickening_c_high_x_a_low_selector_v0_1,coupling_cards.c_high_x_a_low.thickened,coupling_registry,public_payload,"public_payload contains runtime_use,production_use_allowed,ready_for_pilot",Keep selector public payload reader-safe: candidate ref/title/summary only; move runtime flags to provenance/replacement_policy/internal metadata.
B5-COUPLING_VARIANTS-0093,coupling_variants,P0,selector_public_payload_runtime_flags,selector_asset,content_assets/big5/result_page_v2/agent_runs/coupling_variants_revised_v0_2_normalized/selector_asset_candidates.jsonl,8,candidate_content_coupling_content_thickening_c_high_x_e_high_v0_1,candidate_coupling_content_thickening_c_high_x_e_high_selector_v0_1,coupling_cards.c_high_x_e_high.thickened,coupling_registry,public_payload,"public_payload contains runtime_use,production_use_allowed,ready_for_pilot",Keep selector public payload reader-safe: candidate ref/title/summary only; move runtime flags to provenance/replacement_policy/internal metadata.
B5-COUPLING_VARIANTS-0094,coupling_variants,P0,selector_public_payload_runtime_flags,selector_asset,content_assets/big5/result_page_v2/agent_runs/coupling_variants_revised_v0_2_normalized/selector_asset_candidates.jsonl,9,candidate_content_coupling_content_thickening_c_high_x_e_low_v0_1,candidate_coupling_content_thickening_c_high_x_e_low_selector_v0_1,coupling_cards.c_high_x_e_low.thickened,coupling_registry,public_payload,"public_payload contains runtime_use,production_use_allowed,ready_for_pilot",Keep selector public payload reader-safe: candidate ref/title/summary only; move runtime flags to provenance/replacement_policy/internal metadata.
B5-COUPLING_VARIANTS-0095,coupling_variants,P0,selector_public_payload_runtime_flags,selector_asset,content_assets/big5/result_page_v2/agent_runs/coupling_variants_revised_v0_2_normalized/selector_asset_candidates.jsonl,10,candidate_content_coupling_content_thickening_c_high_x_n_high_v0_1,candidate_coupling_content_thickening_c_high_x_n_high_selector_v0_1,coupling_cards.c_high_x_n_high.thickened,coupling_registry,public_payload,"public_payload contains runtime_use,production_use_allowed,ready_for_pilot",Keep selector public payload reader-safe: candidate ref/title/summary only; move runtime flags to provenance/replacement_policy/internal metadata.
B5-COUPLING_VARIANTS-0096,coupling_variants,P0,selector_public_payload_runtime_flags,selector_asset,content_assets/big5/result_page_v2/agent_runs/coupling_variants_revised_v0_2_normalized/selector_asset_candidates.jsonl,11,candidate_content_coupling_content_thickening_c_high_x_n_low_v0_1,candidate_coupling_content_thickening_c_high_x_n_low_selector_v0_1,coupling_cards.c_high_x_n_low.thickened,coupling_registry,public_payload,"public_payload contains runtime_use,production_use_allowed,ready_for_pilot",Keep selector public payload reader-safe: candidate ref/title/summary only; move runtime flags to provenance/replacement_policy/internal metadata.
B5-COUPLING_VARIANTS-0097,coupling_variants,P0,selector_public_payload_runtime_flags,selector_asset,content_assets/big5/result_page_v2/agent_runs/coupling_variants_revised_v0_2_normalized/selector_asset_candidates.jsonl,12,candidate_content_coupling_content_thickening_c_low_x_a_high_v0_1,candidate_coupling_content_thickening_c_low_x_a_high_selector_v0_1,coupling_cards.c_low_x_a_high.thickened,coupling_registry,public_payload,"public_payload contains runtime_use,production_use_allowed,ready_for_pilot",Keep selector public payload reader-safe: candidate ref/title/summary only; move runtime flags to provenance/replacement_policy/internal metadata.
B5-COUPLING_VARIANTS-0098,coupling_variants,P0,selector_public_payload_runtime_flags,selector_asset,content_assets/big5/result_page_v2/agent_runs/coupling_variants_revised_v0_2_normalized/selector_asset_candidates.jsonl,13,candidate_content_coupling_content_thickening_c_low_x_a_low_v0_1,candidate_coupling_content_thickening_c_low_x_a_low_selector_v0_1,coupling_cards.c_low_x_a_low.thickened,coupling_registry,public_payload,"public_payload contains runtime_use,production_use_allowed,ready_for_pilot",Keep selector public payload reader-safe: candidate ref/title/summary only; move runtime flags to provenance/replacement_policy/internal metadata.
B5-COUPLING_VARIANTS-0099,coupling_variants,P0,selector_public_payload_runtime_flags,selector_asset,content_assets/big5/result_page_v2/agent_runs/coupling_variants_revised_v0_2_normalized/selector_asset_candidates.jsonl,14,candidate_content_coupling_content_thickening_c_low_x_e_high_v0_1,candidate_coupling_content_thickening_c_low_x_e_high_selector_v0_1,coupling_cards.c_low_x_e_high.thickened,coupling_registry,public_payload,"public_payload contains runtime_use,production_use_allowed,ready_for_pilot",Keep selector public payload reader-safe: candidate ref/title/summary only; move runtime flags to provenance/replacement_policy/internal metadata.
B5-COUPLING_VARIANTS-0100,coupling_variants,P0,selector_public_payload_runtime_flags,selector_asset,content_assets/big5/result_page_v2/agent_runs/coupling_variants_revised_v0_2_normalized/selector_asset_candidates.jsonl,15,candidate_content_coupling_content_thickening_c_low_x_n_high_v0_1,candidate_coupling_content_thickening_c_low_x_n_high_selector_v0_1,coupling_cards.c_low_x_n_high.thickened,coupling_registry,public_payload,"public_payload contains runtime_use,production_use_allowed,ready_for_pilot",Keep selector public payload reader-safe: candidate ref/title/summary only; move runtime flags to provenance/replacement_policy/internal metadata.
B5-COUPLING_VARIANTS-0101,coupling_variants,P0,selector_public_payload_runtime_flags,selector_asset,content_assets/big5/result_page_v2/agent_runs/coupling_variants_revised_v0_2_normalized/selector_asset_candidates.jsonl,16,candidate_content_coupling_content_thickening_c_low_x_n_low_v0_1,candidate_coupling_content_thickening_c_low_x_n_low_selector_v0_1,coupling_cards.c_low_x_n_low.thickened,coupling_registry,public_payload,"public_payload contains runtime_use,production_use_allowed,ready_for_pilot",Keep selector public payload reader-safe: candidate ref/title/summary only; move runtime flags to provenance/replacement_policy/internal metadata.
B5-COUPLING_VARIANTS-0102,coupling_variants,P0,selector_public_payload_runtime_flags,selector_asset,content_assets/big5/result_page_v2/agent_runs/coupling_variants_revised_v0_2_normalized/selector_asset_candidates.jsonl,17,candidate_content_coupling_content_thickening_c_mid_x_a_high_v0_1,candidate_coupling_content_thickening_c_mid_x_a_high_selector_v0_1,coupling_cards.c_mid_x_a_high.thickened,coupling_registry,public_payload,"public_payload contains runtime_use,production_use_allowed,ready_for_pilot",Keep selector public payload reader-safe: candidate ref/title/summary only; move runtime flags to provenance/replacement_policy/internal metadata.
B5-COUPLING_VARIANTS-0103,coupling_variants,P0,selector_public_payload_runtime_flags,selector_asset,content_assets/big5/result_page_v2/agent_runs/coupling_variants_revised_v0_2_normalized/selector_asset_candidates.jsonl,18,candidate_content_coupling_content_thickening_c_mid_x_e_high_v0_1,candidate_coupling_content_thickening_c_mid_x_e_high_selector_v0_1,coupling_cards.c_mid_x_e_high.thickened,coupling_registry,public_payload,"public_payload contains runtime_use,production_use_allowed,ready_for_pilot",Keep selector public payload reader-safe: candidate ref/title/summary only; move runtime flags to provenance/replacement_policy/internal metadata.
B5-COUPLING_VARIANTS-0104,coupling_variants,P0,selector_public_payload_runtime_flags,selector_asset,content_assets/big5/result_page_v2/agent_runs/coupling_variants_revised_v0_2_normalized/selector_asset_candidates.jsonl,19,candidate_content_coupling_content_thickening_c_mid_x_n_high_v0_1,candidate_coupling_content_thickening_c_mid_x_n_high_selector_v0_1,coupling_cards.c_mid_x_n_high.thickened,coupling_registry,public_payload,"public_payload contains runtime_use,production_use_allowed,ready_for_pilot",Keep selector public payload reader-safe: candidate ref/title/summary only; move runtime flags to provenance/replacement_policy/internal metadata.
B5-COUPLING_VARIANTS-0105,coupling_variants,P0,selector_public_payload_runtime_flags,selector_asset,content_assets/big5/result_page_v2/agent_runs/coupling_variants_revised_v0_2_normalized/selector_asset_candidates.jsonl,20,candidate_content_coupling_content_thickening_e_high_x_a_high_v0_1,candidate_coupling_content_thickening_e_high_x_a_high_selector_v0_1,coupling_cards.e_high_x_a_high.thickened,coupling_registry,public_payload,"public_payload contains runtime_use,production_use_allowed,ready_for_pilot",Keep selector public payload reader-safe: candidate ref/title/summary only; move runtime flags to provenance/replacement_policy/internal metadata.
B5-COUPLING_VARIANTS-0106,coupling_variants,P0,selector_public_payload_runtime_flags,selector_asset,content_assets/big5/result_page_v2/agent_runs/coupling_variants_revised_v0_2_normalized/selector_asset_candidates.jsonl,21,candidate_content_coupling_content_thickening_e_high_x_a_low_v0_1,candidate_coupling_content_thickening_e_high_x_a_low_selector_v0_1,coupling_cards.e_high_x_a_low.thickened,coupling_registry,public_payload,"public_payload contains runtime_use,production_use_allowed,ready_for_pilot",Keep selector public payload reader-safe: candidate ref/title/summary only; move runtime flags to provenance/replacement_policy/internal metadata.
B5-COUPLING_VARIANTS-0107,coupling_variants,P0,selector_public_payload_runtime_flags,selector_asset,content_assets/big5/result_page_v2/agent_runs/coupling_variants_revised_v0_2_normalized/selector_asset_candidates.jsonl,22,candidate_content_coupling_content_thickening_e_high_x_n_high_v0_1,candidate_coupling_content_thickening_e_high_x_n_high_selector_v0_1,coupling_cards.e_high_x_n_high.thickened,coupling_registry,public_payload,"public_payload contains runtime_use,production_use_allowed,ready_for_pilot",Keep selector public payload reader-safe: candidate ref/title/summary only; move runtime flags to provenance/replacement_policy/internal metadata.
B5-COUPLING_VARIANTS-0108,coupling_variants,P0,selector_public_payload_runtime_flags,selector_asset,content_assets/big5/result_page_v2/agent_runs/coupling_variants_revised_v0_2_normalized/selector_asset_candidates.jsonl,23,candidate_content_coupling_content_thickening_e_high_x_n_low_v0_1,candidate_coupling_content_thickening_e_high_x_n_low_selector_v0_1,coupling_cards.e_high_x_n_low.thickened,coupling_registry,public_payload,"public_payload contains runtime_use,production_use_allowed,ready_for_pilot",Keep selector public payload reader-safe: candidate ref/title/summary only; move runtime flags to provenance/replacement_policy/internal metadata.
B5-COUPLING_VARIANTS-0109,coupling_variants,P0,selector_public_payload_runtime_flags,selector_asset,content_assets/big5/result_page_v2/agent_runs/coupling_variants_revised_v0_2_normalized/selector_asset_candidates.jsonl,24,candidate_content_coupling_content_thickening_e_low_x_a_high_v0_1,candidate_coupling_content_thickening_e_low_x_a_high_selector_v0_1,coupling_cards.e_low_x_a_high.thickened,coupling_registry,public_payload,"public_payload contains runtime_use,production_use_allowed,ready_for_pilot",Keep selector public payload reader-safe: candidate ref/title/summary only; move runtime flags to provenance/replacement_policy/internal metadata.
B5-COUPLING_VARIANTS-0110,coupling_variants,P0,selector_public_payload_runtime_flags,selector_asset,content_assets/big5/result_page_v2/agent_runs/coupling_variants_revised_v0_2_normalized/selector_asset_candidates.jsonl,25,candidate_content_coupling_content_thickening_e_low_x_a_low_v0_1,candidate_coupling_content_thickening_e_low_x_a_low_selector_v0_1,coupling_cards.e_low_x_a_low.thickened,coupling_registry,public_payload,"public_payload contains runtime_use,production_use_allowed,ready_for_pilot",Keep selector public payload reader-safe: candidate ref/title/summary only; move runtime flags to provenance/replacement_policy/internal metadata.
B5-COUPLING_VARIANTS-0111,coupling_variants,P0,selector_public_payload_runtime_flags,selector_asset,content_assets/big5/result_page_v2/agent_runs/coupling_variants_revised_v0_2_normalized/selector_asset_candidates.jsonl,26,candidate_content_coupling_content_thickening_e_low_x_c_low_v0_1,candidate_coupling_content_thickening_e_low_x_c_low_selector_v0_1,coupling_cards.e_low_x_c_low.thickened,coupling_registry,public_payload,"public_payload contains runtime_use,production_use_allowed,ready_for_pilot",Keep selector public payload reader-safe: candidate ref/title/summary only; move runtime flags to provenance/replacement_policy/internal metadata.
B5-COUPLING_VARIANTS-0112,coupling_variants,P0,selector_public_payload_runtime_flags,selector_asset,content_assets/big5/result_page_v2/agent_runs/coupling_variants_revised_v0_2_normalized/selector_asset_candidates.jsonl,27,candidate_content_coupling_content_thickening_e_low_x_n_low_v0_1,candidate_coupling_content_thickening_e_low_x_n_low_selector_v0_1,coupling_cards.e_low_x_n_low.thickened,coupling_registry,public_payload,"public_payload contains runtime_use,production_use_allowed,ready_for_pilot",Keep selector public payload reader-safe: candidate ref/title/summary only; move runtime flags to provenance/replacement_policy/internal metadata.
B5-COUPLING_VARIANTS-0113,coupling_variants,P0,selector_public_payload_runtime_flags,selector_asset,content_assets/big5/result_page_v2/agent_runs/coupling_variants_revised_v0_2_normalized/selector_asset_candidates.jsonl,28,candidate_content_coupling_content_thickening_e_mid_x_a_high_v0_1,candidate_coupling_content_thickening_e_mid_x_a_high_selector_v0_1,coupling_cards.e_mid_x_a_high.thickened,coupling_registry,public_payload,"public_payload contains runtime_use,production_use_allowed,ready_for_pilot",Keep selector public payload reader-safe: candidate ref/title/summary only; move runtime flags to provenance/replacement_policy/internal metadata.
B5-COUPLING_VARIANTS-0114,coupling_variants,P0,selector_public_payload_runtime_flags,selector_asset,content_assets/big5/result_page_v2/agent_runs/coupling_variants_revised_v0_2_normalized/selector_asset_candidates.jsonl,29,candidate_content_coupling_content_thickening_e_mid_x_n_high_v0_1,candidate_coupling_content_thickening_e_mid_x_n_high_selector_v0_1,coupling_cards.e_mid_x_n_high.thickened,coupling_registry,public_payload,"public_payload contains runtime_use,production_use_allowed,ready_for_pilot",Keep selector public payload reader-safe: candidate ref/title/summary only; move runtime flags to provenance/replacement_policy/internal metadata.
B5-COUPLING_VARIANTS-0115,coupling_variants,P0,selector_public_payload_runtime_flags,selector_asset,content_assets/big5/result_page_v2/agent_runs/coupling_variants_revised_v0_2_normalized/selector_asset_candidates.jsonl,30,candidate_content_coupling_content_thickening_n_high_x_e_low_v0_1,candidate_coupling_content_thickening_n_high_x_e_low_selector_v0_1,coupling_cards.n_high_x_e_low.thickened,coupling_registry,public_payload,"public_payload contains runtime_use,production_use_allowed,ready_for_pilot",Keep selector public payload reader-safe: candidate ref/title/summary only; move runtime flags to provenance/replacement_policy/internal metadata.
B5-COUPLING_VARIANTS-0116,coupling_variants,P0,selector_public_payload_runtime_flags,selector_asset,content_assets/big5/result_page_v2/agent_runs/coupling_variants_revised_v0_2_normalized/selector_asset_candidates.jsonl,31,candidate_content_coupling_content_thickening_n_high_x_o_mid_high_v0_1,candidate_coupling_content_thickening_n_high_x_o_mid_high_selector_v0_1,coupling_cards.n_high_x_o_mid_high.thickened,coupling_registry,public_payload,"public_payload contains runtime_use,production_use_allowed,ready_for_pilot",Keep selector public payload reader-safe: candidate ref/title/summary only; move runtime flags to provenance/replacement_policy/internal metadata.
B5-COUPLING_VARIANTS-0117,coupling_variants,P0,selector_public_payload_runtime_flags,selector_asset,content_assets/big5/result_page_v2/agent_runs/coupling_variants_revised_v0_2_normalized/selector_asset_candidates.jsonl,32,candidate_content_coupling_content_thickening_o_high_x_a_high_v0_1,candidate_coupling_content_thickening_o_high_x_a_high_selector_v0_1,coupling_cards.o_high_x_a_high.thickened,coupling_registry,public_payload,"public_payload contains runtime_use,production_use_allowed,ready_for_pilot",Keep selector public payload reader-safe: candidate ref/title/summary only; move runtime flags to provenance/replacement_policy/internal metadata.
B5-COUPLING_VARIANTS-0118,coupling_variants,P0,selector_public_payload_runtime_flags,selector_asset,content_assets/big5/result_page_v2/agent_runs/coupling_variants_revised_v0_2_normalized/selector_asset_candidates.jsonl,33,candidate_content_coupling_content_thickening_o_high_x_a_low_v0_1,candidate_coupling_content_thickening_o_high_x_a_low_selector_v0_1,coupling_cards.o_high_x_a_low.thickened,coupling_registry,public_payload,"public_payload contains runtime_use,production_use_allowed,ready_for_pilot",Keep selector public payload reader-safe: candidate ref/title/summary only; move runtime flags to provenance/replacement_policy/internal metadata.
B5-COUPLING_VARIANTS-0119,coupling_variants,P0,selector_public_payload_runtime_flags,selector_asset,content_assets/big5/result_page_v2/agent_runs/coupling_variants_revised_v0_2_normalized/selector_asset_candidates.jsonl,34,candidate_content_coupling_content_thickening_o_high_x_c_high_v0_1,candidate_coupling_content_thickening_o_high_x_c_high_selector_v0_1,coupling_cards.o_high_x_c_high.thickened,coupling_registry,public_payload,"public_payload contains runtime_use,production_use_allowed,ready_for_pilot",Keep selector public payload reader-safe: candidate ref/title/summary only; move runtime flags to provenance/replacement_policy/internal metadata.
B5-COUPLING_VARIANTS-0120,coupling_variants,P0,selector_public_payload_runtime_flags,selector_asset,content_assets/big5/result_page_v2/agent_runs/coupling_variants_revised_v0_2_normalized/selector_asset_candidates.jsonl,35,candidate_content_coupling_content_thickening_o_high_x_c_low_v0_1,candidate_coupling_content_thickening_o_high_x_c_low_selector_v0_1,coupling_cards.o_high_x_c_low.thickened,coupling_registry,public_payload,"public_payload contains runtime_use,production_use_allowed,ready_for_pilot",Keep selector public payload reader-safe: candidate ref/title/summary only; move runtime flags to provenance/replacement_policy/internal metadata.
B5-COUPLING_VARIANTS-0121,coupling_variants,P0,selector_public_payload_runtime_flags,selector_asset,content_assets/big5/result_page_v2/agent_runs/coupling_variants_revised_v0_2_normalized/selector_asset_candidates.jsonl,36,candidate_content_coupling_content_thickening_o_high_x_e_high_v0_1,candidate_coupling_content_thickening_o_high_x_e_high_selector_v0_1,coupling_cards.o_high_x_e_high.thickened,coupling_registry,public_payload,"public_payload contains runtime_use,production_use_allowed,ready_for_pilot",Keep selector public payload reader-safe: candidate ref/title/summary only; move runtime flags to provenance/replacement_policy/internal metadata.
B5-COUPLING_VARIANTS-0122,coupling_variants,P0,selector_public_payload_runtime_flags,selector_asset,content_assets/big5/result_page_v2/agent_runs/coupling_variants_revised_v0_2_normalized/selector_asset_candidates.jsonl,37,candidate_content_coupling_content_thickening_o_high_x_e_low_v0_1,candidate_coupling_content_thickening_o_high_x_e_low_selector_v0_1,coupling_cards.o_high_x_e_low.thickened,coupling_registry,public_payload,"public_payload contains runtime_use,production_use_allowed,ready_for_pilot",Keep selector public payload reader-safe: candidate ref/title/summary only; move runtime flags to provenance/replacement_policy/internal metadata.
B5-COUPLING_VARIANTS-0123,coupling_variants,P0,selector_public_payload_runtime_flags,selector_asset,content_assets/big5/result_page_v2/agent_runs/coupling_variants_revised_v0_2_normalized/selector_asset_candidates.jsonl,38,candidate_content_coupling_content_thickening_o_high_x_n_high_v0_1,candidate_coupling_content_thickening_o_high_x_n_high_selector_v0_1,coupling_cards.o_high_x_n_high.thickened,coupling_registry,public_payload,"public_payload contains runtime_use,production_use_allowed,ready_for_pilot",Keep selector public payload reader-safe: candidate ref/title/summary only; move runtime flags to provenance/replacement_policy/internal metadata.
B5-COUPLING_VARIANTS-0124,coupling_variants,P0,selector_public_payload_runtime_flags,selector_asset,content_assets/big5/result_page_v2/agent_runs/coupling_variants_revised_v0_2_normalized/selector_asset_candidates.jsonl,39,candidate_content_coupling_content_thickening_o_high_x_n_low_v0_1,candidate_coupling_content_thickening_o_high_x_n_low_selector_v0_1,coupling_cards.o_high_x_n_low.thickened,coupling_registry,public_payload,"public_payload contains runtime_use,production_use_allowed,ready_for_pilot",Keep selector public payload reader-safe: candidate ref/title/summary only; move runtime flags to provenance/replacement_policy/internal metadata.
B5-COUPLING_VARIANTS-0125,coupling_variants,P0,selector_public_payload_runtime_flags,selector_asset,content_assets/big5/result_page_v2/agent_runs/coupling_variants_revised_v0_2_normalized/selector_asset_candidates.jsonl,40,candidate_content_coupling_content_thickening_o_low_x_a_high_v0_1,candidate_coupling_content_thickening_o_low_x_a_high_selector_v0_1,coupling_cards.o_low_x_a_high.thickened,coupling_registry,public_payload,"public_payload contains runtime_use,production_use_allowed,ready_for_pilot",Keep selector public payload reader-safe: candidate ref/title/summary only; move runtime flags to provenance/replacement_policy/internal metadata.
B5-COUPLING_VARIANTS-0126,coupling_variants,P0,selector_public_payload_runtime_flags,selector_asset,content_assets/big5/result_page_v2/agent_runs/coupling_variants_revised_v0_2_normalized/selector_asset_candidates.jsonl,41,candidate_content_coupling_content_thickening_o_low_x_a_low_v0_1,candidate_coupling_content_thickening_o_low_x_a_low_selector_v0_1,coupling_cards.o_low_x_a_low.thickened,coupling_registry,public_payload,"public_payload contains runtime_use,production_use_allowed,ready_for_pilot",Keep selector public payload reader-safe: candidate ref/title/summary only; move runtime flags to provenance/replacement_policy/internal metadata.
B5-COUPLING_VARIANTS-0127,coupling_variants,P0,selector_public_payload_runtime_flags,selector_asset,content_assets/big5/result_page_v2/agent_runs/coupling_variants_revised_v0_2_normalized/selector_asset_candidates.jsonl,42,candidate_content_coupling_content_thickening_o_low_x_c_high_v0_1,candidate_coupling_content_thickening_o_low_x_c_high_selector_v0_1,coupling_cards.o_low_x_c_high.thickened,coupling_registry,public_payload,"public_payload contains runtime_use,production_use_allowed,ready_for_pilot",Keep selector public payload reader-safe: candidate ref/title/summary only; move runtime flags to provenance/replacement_policy/internal metadata.
B5-COUPLING_VARIANTS-0128,coupling_variants,P0,selector_public_payload_runtime_flags,selector_asset,content_assets/big5/result_page_v2/agent_runs/coupling_variants_revised_v0_2_normalized/selector_asset_candidates.jsonl,43,candidate_content_coupling_content_thickening_o_low_x_c_low_v0_1,candidate_coupling_content_thickening_o_low_x_c_low_selector_v0_1,coupling_cards.o_low_x_c_low.thickened,coupling_registry,public_payload,"public_payload contains runtime_use,production_use_allowed,ready_for_pilot",Keep selector public payload reader-safe: candidate ref/title/summary only; move runtime flags to provenance/replacement_policy/internal metadata.
B5-COUPLING_VARIANTS-0129,coupling_variants,P0,selector_public_payload_runtime_flags,selector_asset,content_assets/big5/result_page_v2/agent_runs/coupling_variants_revised_v0_2_normalized/selector_asset_candidates.jsonl,44,candidate_content_coupling_content_thickening_o_low_x_e_high_v0_1,candidate_coupling_content_thickening_o_low_x_e_high_selector_v0_1,coupling_cards.o_low_x_e_high.thickened,coupling_registry,public_payload,"public_payload contains runtime_use,production_use_allowed,ready_for_pilot",Keep selector public payload reader-safe: candidate ref/title/summary only; move runtime flags to provenance/replacement_policy/internal metadata.
B5-COUPLING_VARIANTS-0130,coupling_variants,P0,selector_public_payload_runtime_flags,selector_asset,content_assets/big5/result_page_v2/agent_runs/coupling_variants_revised_v0_2_normalized/selector_asset_candidates.jsonl,45,candidate_content_coupling_content_thickening_o_low_x_e_low_v0_1,candidate_coupling_content_thickening_o_low_x_e_low_selector_v0_1,coupling_cards.o_low_x_e_low.thickened,coupling_registry,public_payload,"public_payload contains runtime_use,production_use_allowed,ready_for_pilot",Keep selector public payload reader-safe: candidate ref/title/summary only; move runtime flags to provenance/replacement_policy/internal metadata.
B5-COUPLING_VARIANTS-0131,coupling_variants,P0,selector_public_payload_runtime_flags,selector_asset,content_assets/big5/result_page_v2/agent_runs/coupling_variants_revised_v0_2_normalized/selector_asset_candidates.jsonl,46,candidate_content_coupling_content_thickening_o_low_x_n_high_v0_1,candidate_coupling_content_thickening_o_low_x_n_high_selector_v0_1,coupling_cards.o_low_x_n_high.thickened,coupling_registry,public_payload,"public_payload contains runtime_use,production_use_allowed,ready_for_pilot",Keep selector public payload reader-safe: candidate ref/title/summary only; move runtime flags to provenance/replacement_policy/internal metadata.
B5-COUPLING_VARIANTS-0132,coupling_variants,P0,selector_public_payload_runtime_flags,selector_asset,content_assets/big5/result_page_v2/agent_runs/coupling_variants_revised_v0_2_normalized/selector_asset_candidates.jsonl,47,candidate_content_coupling_content_thickening_o_low_x_n_low_v0_1,candidate_coupling_content_thickening_o_low_x_n_low_selector_v0_1,coupling_cards.o_low_x_n_low.thickened,coupling_registry,public_payload,"public_payload contains runtime_use,production_use_allowed,ready_for_pilot",Keep selector public payload reader-safe: candidate ref/title/summary only; move runtime flags to provenance/replacement_policy/internal metadata.
B5-COUPLING_VARIANTS-0133,coupling_variants,P0,selector_public_payload_runtime_flags,selector_asset,content_assets/big5/result_page_v2/agent_runs/coupling_variants_revised_v0_2_normalized/selector_asset_candidates.jsonl,48,candidate_content_coupling_content_thickening_o_mid_x_a_high_v0_1,candidate_coupling_content_thickening_o_mid_x_a_high_selector_v0_1,coupling_cards.o_mid_x_a_high.thickened,coupling_registry,public_payload,"public_payload contains runtime_use,production_use_allowed,ready_for_pilot",Keep selector public payload reader-safe: candidate ref/title/summary only; move runtime flags to provenance/replacement_policy/internal metadata.
B5-COUPLING_VARIANTS-0134,coupling_variants,P0,selector_public_payload_runtime_flags,selector_asset,content_assets/big5/result_page_v2/agent_runs/coupling_variants_revised_v0_2_normalized/selector_asset_candidates.jsonl,49,candidate_content_coupling_content_thickening_o_mid_x_c_high_v0_1,candidate_coupling_content_thickening_o_mid_x_c_high_selector_v0_1,coupling_cards.o_mid_x_c_high.thickened,coupling_registry,public_payload,"public_payload contains runtime_use,production_use_allowed,ready_for_pilot",Keep selector public payload reader-safe: candidate ref/title/summary only; move runtime flags to provenance/replacement_policy/internal metadata.
B5-COUPLING_VARIANTS-0135,coupling_variants,P0,selector_public_payload_runtime_flags,selector_asset,content_assets/big5/result_page_v2/agent_runs/coupling_variants_revised_v0_2_normalized/selector_asset_candidates.jsonl,50,candidate_content_coupling_content_thickening_o_mid_x_e_high_v0_1,candidate_coupling_content_thickening_o_mid_x_e_high_selector_v0_1,coupling_cards.o_mid_x_e_high.thickened,coupling_registry,public_payload,"public_payload contains runtime_use,production_use_allowed,ready_for_pilot",Keep selector public payload reader-safe: candidate ref/title/summary only; move runtime flags to provenance/replacement_policy/internal metadata.
B5-SHARE_SAFETY-0136,share_safety,P2,ai_tone_marker,content_asset,content_assets/big5/result_page_v2/agent_runs/share_safety_revised_v0_2_normalized/content_asset_candidates.jsonl,13,candidate_content_share_safety_revised_v0_2_what_i_am_working_on_01,,share_save.share_safety.what_i_am_working_on.what_i_am_working_on_01.normalized,,title_zh,我正在练习｜把想法落地｜安全说明,Remove generic AI/report-template phrasing where user-visible.
B5-SHARE_SAFETY-0137,share_safety,P0,selector_public_payload_runtime_flags,selector_asset,content_assets/big5/result_page_v2/agent_runs/share_safety_revised_v0_2_normalized/selector_asset_candidates.jsonl,1,candidate_content_share_safety_revised_v0_2_public_summary_card_01,share_safety_revised.v0_2.public_summary_card_01_selector,module_08_share_save.share_save.safe_surface.public_summary_card.public_summary_card_01.normalized,share_safety_registry,public_payload,"public_payload contains runtime_use,production_use_allowed,ready_for_pilot",Keep selector public payload reader-safe: candidate ref/title/summary only; move runtime flags to provenance/replacement_policy/internal metadata.
B5-SHARE_SAFETY-0138,share_safety,P0,selector_public_payload_runtime_flags,selector_asset,content_assets/big5/result_page_v2/agent_runs/share_safety_revised_v0_2_normalized/selector_asset_candidates.jsonl,2,candidate_content_share_safety_revised_v0_2_public_summary_card_02,share_safety_revised.v0_2.public_summary_card_02_selector,module_08_share_save.share_save.safe_surface.public_summary_card.public_summary_card_02.normalized,share_safety_registry,public_payload,"public_payload contains runtime_use,production_use_allowed,ready_for_pilot",Keep selector public payload reader-safe: candidate ref/title/summary only; move runtime flags to provenance/replacement_policy/internal metadata.
B5-SHARE_SAFETY-0139,share_safety,P0,selector_public_payload_runtime_flags,selector_asset,content_assets/big5/result_page_v2/agent_runs/share_safety_revised_v0_2_normalized/selector_asset_candidates.jsonl,3,candidate_content_share_safety_revised_v0_2_public_summary_card_03,share_safety_revised.v0_2.public_summary_card_03_selector,module_08_share_save.share_save.safe_surface.public_summary_card.public_summary_card_03.normalized,share_safety_registry,public_payload,"public_payload contains runtime_use,production_use_allowed,ready_for_pilot",Keep selector public payload reader-safe: candidate ref/title/summary only; move runtime flags to provenance/replacement_policy/internal metadata.
B5-SHARE_SAFETY-0140,share_safety,P0,selector_public_payload_runtime_flags,selector_asset,content_assets/big5/result_page_v2/agent_runs/share_safety_revised_v0_2_normalized/selector_asset_candidates.jsonl,4,candidate_content_share_safety_revised_v0_2_public_summary_card_04,share_safety_revised.v0_2.public_summary_card_04_selector,module_08_share_save.share_save.safe_surface.public_summary_card.public_summary_card_04.normalized,share_safety_registry,public_payload,"public_payload contains runtime_use,production_use_allowed,ready_for_pilot",Keep selector public payload reader-safe: candidate ref/title/summary only; move runtime flags to provenance/replacement_policy/internal metadata.
B5-SHARE_SAFETY-0141,share_safety,P0,selector_public_payload_runtime_flags,selector_asset,content_assets/big5/result_page_v2/agent_runs/share_safety_revised_v0_2_normalized/selector_asset_candidates.jsonl,5,candidate_content_share_safety_revised_v0_2_public_summary_card_05,share_safety_revised.v0_2.public_summary_card_05_selector,module_08_share_save.share_save.safe_surface.public_summary_card.public_summary_card_05.normalized,share_safety_registry,public_payload,"public_payload contains runtime_use,production_use_allowed,ready_for_pilot",Keep selector public payload reader-safe: candidate ref/title/summary only; move runtime flags to provenance/replacement_policy/internal metadata.
B5-SHARE_SAFETY-0142,share_safety,P0,selector_public_payload_runtime_flags,selector_asset,content_assets/big5/result_page_v2/agent_runs/share_safety_revised_v0_2_normalized/selector_asset_candidates.jsonl,6,candidate_content_share_safety_revised_v0_2_public_summary_card_06,share_safety_revised.v0_2.public_summary_card_06_selector,module_08_share_save.share_save.safe_surface.public_summary_card.public_summary_card_06.normalized,share_safety_registry,public_payload,"public_payload contains runtime_use,production_use_allowed,ready_for_pilot",Keep selector public payload reader-safe: candidate ref/title/summary only; move runtime flags to provenance/replacement_policy/internal metadata.
B5-SHARE_SAFETY-0143,share_safety,P0,selector_public_payload_runtime_flags,selector_asset,content_assets/big5/result_page_v2/agent_runs/share_safety_revised_v0_2_normalized/selector_asset_candidates.jsonl,7,candidate_content_share_safety_revised_v0_2_collaboration_friendly_excerpt_01,share_safety_revised.v0_2.collaboration_friendly_excerpt_01_selector,module_07_collaboration_manual.share_safe_surface.collaboration_friendly_excerpt.collaboration_friendly_excerpt_01.normalized,share_safety_registry,public_payload,"public_payload contains runtime_use,production_use_allowed,ready_for_pilot",Keep selector public payload reader-safe: candidate ref/title/summary only; move runtime flags to provenance/replacement_policy/internal metadata.
B5-SHARE_SAFETY-0144,share_safety,P0,selector_public_payload_runtime_flags,selector_asset,content_assets/big5/result_page_v2/agent_runs/share_safety_revised_v0_2_normalized/selector_asset_candidates.jsonl,8,candidate_content_share_safety_revised_v0_2_collaboration_friendly_excerpt_02,share_safety_revised.v0_2.collaboration_friendly_excerpt_02_selector,module_07_collaboration_manual.share_safe_surface.collaboration_friendly_excerpt.collaboration_friendly_excerpt_02.normalized,share_safety_registry,public_payload,"public_payload contains runtime_use,production_use_allowed,ready_for_pilot",Keep selector public payload reader-safe: candidate ref/title/summary only; move runtime flags to provenance/replacement_policy/internal metadata.
B5-SHARE_SAFETY-0145,share_safety,P0,selector_public_payload_runtime_flags,selector_asset,content_assets/big5/result_page_v2/agent_runs/share_safety_revised_v0_2_normalized/selector_asset_candidates.jsonl,9,candidate_content_share_safety_revised_v0_2_collaboration_friendly_excerpt_03,share_safety_revised.v0_2.collaboration_friendly_excerpt_03_selector,module_07_collaboration_manual.share_safe_surface.collaboration_friendly_excerpt.collaboration_friendly_excerpt_03.normalized,share_safety_registry,public_payload,"public_payload contains runtime_use,production_use_allowed,ready_for_pilot",Keep selector public payload reader-safe: candidate ref/title/summary only; move runtime flags to provenance/replacement_policy/internal metadata.
B5-SHARE_SAFETY-0146,share_safety,P0,selector_public_payload_runtime_flags,selector_asset,content_assets/big5/result_page_v2/agent_runs/share_safety_revised_v0_2_normalized/selector_asset_candidates.jsonl,10,candidate_content_share_safety_revised_v0_2_collaboration_friendly_excerpt_04,share_safety_revised.v0_2.collaboration_friendly_excerpt_04_selector,module_07_collaboration_manual.share_safe_surface.collaboration_friendly_excerpt.collaboration_friendly_excerpt_04.normalized,share_safety_registry,public_payload,"public_payload contains runtime_use,production_use_allowed,ready_for_pilot",Keep selector public payload reader-safe: candidate ref/title/summary only; move runtime flags to provenance/replacement_policy/internal metadata.
B5-SHARE_SAFETY-0147,share_safety,P0,selector_public_payload_runtime_flags,selector_asset,content_assets/big5/result_page_v2/agent_runs/share_safety_revised_v0_2_normalized/selector_asset_candidates.jsonl,11,candidate_content_share_safety_revised_v0_2_collaboration_friendly_excerpt_05,share_safety_revised.v0_2.collaboration_friendly_excerpt_05_selector,module_07_collaboration_manual.share_safe_surface.collaboration_friendly_excerpt.collaboration_friendly_excerpt_05.normalized,share_safety_registry,public_payload,"public_payload contains runtime_use,production_use_allowed,ready_for_pilot",Keep selector public payload reader-safe: candidate ref/title/summary only; move runtime flags to provenance/replacement_policy/internal metadata.
B5-SHARE_SAFETY-0148,share_safety,P0,selector_public_payload_runtime_flags,selector_asset,content_assets/big5/result_page_v2/agent_runs/share_safety_revised_v0_2_normalized/selector_asset_candidates.jsonl,12,candidate_content_share_safety_revised_v0_2_collaboration_friendly_excerpt_06,share_safety_revised.v0_2.collaboration_friendly_excerpt_06_selector,module_07_collaboration_manual.share_safe_surface.collaboration_friendly_excerpt.collaboration_friendly_excerpt_06.normalized,share_safety_registry,public_payload,"public_payload contains runtime_use,production_use_allowed,ready_for_pilot",Keep selector public payload reader-safe: candidate ref/title/summary only; move runtime flags to provenance/replacement_policy/internal metadata.
B5-SHARE_SAFETY-0149,share_safety,P0,selector_public_payload_runtime_flags,selector_asset,content_assets/big5/result_page_v2/agent_runs/share_safety_revised_v0_2_normalized/selector_asset_candidates.jsonl,13,candidate_content_share_safety_revised_v0_2_what_i_am_working_on_01,share_safety_revised.v0_2.what_i_am_working_on_01_selector,module_08_share_save.share_save.safe_surface.what_i_am_working_on.what_i_am_working_on_01.normalized,share_safety_registry,public_payload,"public_payload contains runtime_use,production_use_allowed,ready_for_pilot",Keep selector public payload reader-safe: candidate ref/title/summary only; move runtime flags to provenance/replacement_policy/internal metadata.
B5-SHARE_SAFETY-0150,share_safety,P0,selector_public_payload_runtime_flags,selector_asset,content_assets/big5/result_page_v2/agent_runs/share_safety_revised_v0_2_normalized/selector_asset_candidates.jsonl,14,candidate_content_share_safety_revised_v0_2_what_i_am_working_on_02,share_safety_revised.v0_2.what_i_am_working_on_02_selector,module_08_share_save.share_save.safe_surface.what_i_am_working_on.what_i_am_working_on_02.normalized,share_safety_registry,public_payload,"public_payload contains runtime_use,production_use_allowed,ready_for_pilot",Keep selector public payload reader-safe: candidate ref/title/summary only; move runtime flags to provenance/replacement_policy/internal metadata.
B5-SHARE_SAFETY-0151,share_safety,P0,selector_public_payload_runtime_flags,selector_asset,content_assets/big5/result_page_v2/agent_runs/share_safety_revised_v0_2_normalized/selector_asset_candidates.jsonl,15,candidate_content_share_safety_revised_v0_2_what_i_am_working_on_03,share_safety_revised.v0_2.what_i_am_working_on_03_selector,module_08_share_save.share_save.safe_surface.what_i_am_working_on.what_i_am_working_on_03.normalized,share_safety_registry,public_payload,"public_payload contains runtime_use,production_use_allowed,ready_for_pilot",Keep selector public payload reader-safe: candidate ref/title/summary only; move runtime flags to provenance/replacement_policy/internal metadata.
B5-SHARE_SAFETY-0152,share_safety,P0,selector_public_payload_runtime_flags,selector_asset,content_assets/big5/result_page_v2/agent_runs/share_safety_revised_v0_2_normalized/selector_asset_candidates.jsonl,16,candidate_content_share_safety_revised_v0_2_what_i_am_working_on_04,share_safety_revised.v0_2.what_i_am_working_on_04_selector,module_08_share_save.share_save.safe_surface.what_i_am_working_on.what_i_am_working_on_04.normalized,share_safety_registry,public_payload,"public_payload contains runtime_use,production_use_allowed,ready_for_pilot",Keep selector public payload reader-safe: candidate ref/title/summary only; move runtime flags to provenance/replacement_policy/internal metadata.
B5-SHARE_SAFETY-0153,share_safety,P0,selector_public_payload_runtime_flags,selector_asset,content_assets/big5/result_page_v2/agent_runs/share_safety_revised_v0_2_normalized/selector_asset_candidates.jsonl,17,candidate_content_share_safety_revised_v0_2_what_i_am_working_on_05,share_safety_revised.v0_2.what_i_am_working_on_05_selector,module_08_share_save.share_save.safe_surface.what_i_am_working_on.what_i_am_working_on_05.normalized,share_safety_registry,public_payload,"public_payload contains runtime_use,production_use_allowed,ready_for_pilot",Keep selector public payload reader-safe: candidate ref/title/summary only; move runtime flags to provenance/replacement_policy/internal metadata.
B5-SHARE_SAFETY-0154,share_safety,P0,selector_public_payload_runtime_flags,selector_asset,content_assets/big5/result_page_v2/agent_runs/share_safety_revised_v0_2_normalized/selector_asset_candidates.jsonl,18,candidate_content_share_safety_revised_v0_2_what_i_am_working_on_06,share_safety_revised.v0_2.what_i_am_working_on_06_selector,module_08_share_save.share_save.safe_surface.what_i_am_working_on.what_i_am_working_on_06.normalized,share_safety_registry,public_payload,"public_payload contains runtime_use,production_use_allowed,ready_for_pilot",Keep selector public payload reader-safe: candidate ref/title/summary only; move runtime flags to provenance/replacement_policy/internal metadata.
B5-SHARE_SAFETY-0155,share_safety,P0,selector_public_payload_runtime_flags,selector_asset,content_assets/big5/result_page_v2/agent_runs/share_safety_revised_v0_2_normalized/selector_asset_candidates.jsonl,19,candidate_content_share_safety_revised_v0_2_how_to_work_with_me_01,share_safety_revised.v0_2.how_to_work_with_me_01_selector,module_07_collaboration_manual.share_safe_surface.how_to_work_with_me.how_to_work_with_me_01.normalized,share_safety_registry,public_payload,"public_payload contains runtime_use,production_use_allowed,ready_for_pilot",Keep selector public payload reader-safe: candidate ref/title/summary only; move runtime flags to provenance/replacement_policy/internal metadata.
B5-SHARE_SAFETY-0156,share_safety,P0,selector_public_payload_runtime_flags,selector_asset,content_assets/big5/result_page_v2/agent_runs/share_safety_revised_v0_2_normalized/selector_asset_candidates.jsonl,20,candidate_content_share_safety_revised_v0_2_how_to_work_with_me_02,share_safety_revised.v0_2.how_to_work_with_me_02_selector,module_07_collaboration_manual.share_safe_surface.how_to_work_with_me.how_to_work_with_me_02.normalized,share_safety_registry,public_payload,"public_payload contains runtime_use,production_use_allowed,ready_for_pilot",Keep selector public payload reader-safe: candidate ref/title/summary only; move runtime flags to provenance/replacement_policy/internal metadata.
B5-SHARE_SAFETY-0157,share_safety,P0,selector_public_payload_runtime_flags,selector_asset,content_assets/big5/result_page_v2/agent_runs/share_safety_revised_v0_2_normalized/selector_asset_candidates.jsonl,21,candidate_content_share_safety_revised_v0_2_how_to_work_with_me_03,share_safety_revised.v0_2.how_to_work_with_me_03_selector,module_07_collaboration_manual.share_safe_surface.how_to_work_with_me.how_to_work_with_me_03.normalized,share_safety_registry,public_payload,"public_payload contains runtime_use,production_use_allowed,ready_for_pilot",Keep selector public payload reader-safe: candidate ref/title/summary only; move runtime flags to provenance/replacement_policy/internal metadata.
B5-SHARE_SAFETY-0158,share_safety,P0,selector_public_payload_runtime_flags,selector_asset,content_assets/big5/result_page_v2/agent_runs/share_safety_revised_v0_2_normalized/selector_asset_candidates.jsonl,22,candidate_content_share_safety_revised_v0_2_how_to_work_with_me_04,share_safety_revised.v0_2.how_to_work_with_me_04_selector,module_07_collaboration_manual.share_safe_surface.how_to_work_with_me.how_to_work_with_me_04.normalized,share_safety_registry,public_payload,"public_payload contains runtime_use,production_use_allowed,ready_for_pilot",Keep selector public payload reader-safe: candidate ref/title/summary only; move runtime flags to provenance/replacement_policy/internal metadata.
B5-SHARE_SAFETY-0159,share_safety,P0,selector_public_payload_runtime_flags,selector_asset,content_assets/big5/result_page_v2/agent_runs/share_safety_revised_v0_2_normalized/selector_asset_candidates.jsonl,23,candidate_content_share_safety_revised_v0_2_how_to_work_with_me_05,share_safety_revised.v0_2.how_to_work_with_me_05_selector,module_07_collaboration_manual.share_safe_surface.how_to_work_with_me.how_to_work_with_me_05.normalized,share_safety_registry,public_payload,"public_payload contains runtime_use,production_use_allowed,ready_for_pilot",Keep selector public payload reader-safe: candidate ref/title/summary only; move runtime flags to provenance/replacement_policy/internal metadata.
B5-SHARE_SAFETY-0160,share_safety,P0,selector_public_payload_runtime_flags,selector_asset,content_assets/big5/result_page_v2/agent_runs/share_safety_revised_v0_2_normalized/selector_asset_candidates.jsonl,24,candidate_content_share_safety_revised_v0_2_how_to_work_with_me_06,share_safety_revised.v0_2.how_to_work_with_me_06_selector,module_07_collaboration_manual.share_safe_surface.how_to_work_with_me.how_to_work_with_me_06.normalized,share_safety_registry,public_payload,"public_payload contains runtime_use,production_use_allowed,ready_for_pilot",Keep selector public payload reader-safe: candidate ref/title/summary only; move runtime flags to provenance/replacement_policy/internal metadata.
B5-SHARE_SAFETY-0161,share_safety,P0,selector_public_payload_runtime_flags,selector_asset,content_assets/big5/result_page_v2/agent_runs/share_safety_revised_v0_2_normalized/selector_asset_candidates.jsonl,25,candidate_content_share_safety_revised_v0_2_safe_quote_pool_01,share_safety_revised.v0_2.safe_quote_pool_01_selector,module_08_share_save.share_save.safe_surface.safe_quote_pool.safe_quote_pool_01.normalized,share_safety_registry,public_payload,"public_payload contains runtime_use,production_use_allowed,ready_for_pilot",Keep selector public payload reader-safe: candidate ref/title/summary only; move runtime flags to provenance/replacement_policy/internal metadata.
B5-SHARE_SAFETY-0162,share_safety,P0,selector_public_payload_runtime_flags,selector_asset,content_assets/big5/result_page_v2/agent_runs/share_safety_revised_v0_2_normalized/selector_asset_candidates.jsonl,26,candidate_content_share_safety_revised_v0_2_safe_quote_pool_02,share_safety_revised.v0_2.safe_quote_pool_02_selector,module_08_share_save.share_save.safe_surface.safe_quote_pool.safe_quote_pool_02.normalized,share_safety_registry,public_payload,"public_payload contains runtime_use,production_use_allowed,ready_for_pilot",Keep selector public payload reader-safe: candidate ref/title/summary only; move runtime flags to provenance/replacement_policy/internal metadata.
B5-SHARE_SAFETY-0163,share_safety,P0,selector_public_payload_runtime_flags,selector_asset,content_assets/big5/result_page_v2/agent_runs/share_safety_revised_v0_2_normalized/selector_asset_candidates.jsonl,27,candidate_content_share_safety_revised_v0_2_safe_quote_pool_03,share_safety_revised.v0_2.safe_quote_pool_03_selector,module_08_share_save.share_save.safe_surface.safe_quote_pool.safe_quote_pool_03.normalized,share_safety_registry,public_payload,"public_payload contains runtime_use,production_use_allowed,ready_for_pilot",Keep selector public payload reader-safe: candidate ref/title/summary only; move runtime flags to provenance/replacement_policy/internal metadata.
B5-SHARE_SAFETY-0164,share_safety,P0,selector_public_payload_runtime_flags,selector_asset,content_assets/big5/result_page_v2/agent_runs/share_safety_revised_v0_2_normalized/selector_asset_candidates.jsonl,28,candidate_content_share_safety_revised_v0_2_safe_quote_pool_04,share_safety_revised.v0_2.safe_quote_pool_04_selector,module_08_share_save.share_save.safe_surface.safe_quote_pool.safe_quote_pool_04.normalized,share_safety_registry,public_payload,"public_payload contains runtime_use,production_use_allowed,ready_for_pilot",Keep selector public payload reader-safe: candidate ref/title/summary only; move runtime flags to provenance/replacement_policy/internal metadata.
B5-SHARE_SAFETY-0165,share_safety,P0,selector_public_payload_runtime_flags,selector_asset,content_assets/big5/result_page_v2/agent_runs/share_safety_revised_v0_2_normalized/selector_asset_candidates.jsonl,29,candidate_content_share_safety_revised_v0_2_safe_quote_pool_05,share_safety_revised.v0_2.safe_quote_pool_05_selector,module_08_share_save.share_save.safe_surface.safe_quote_pool.safe_quote_pool_05.normalized,share_safety_registry,public_payload,"public_payload contains runtime_use,production_use_allowed,ready_for_pilot",Keep selector public payload reader-safe: candidate ref/title/summary only; move runtime flags to provenance/replacement_policy/internal metadata.
B5-SHARE_SAFETY-0166,share_safety,P0,selector_public_payload_runtime_flags,selector_asset,content_assets/big5/result_page_v2/agent_runs/share_safety_revised_v0_2_normalized/selector_asset_candidates.jsonl,30,candidate_content_share_safety_revised_v0_2_safe_quote_pool_06,share_safety_revised.v0_2.safe_quote_pool_06_selector,module_08_share_save.share_save.safe_surface.safe_quote_pool.safe_quote_pool_06.normalized,share_safety_registry,public_payload,"public_payload contains runtime_use,production_use_allowed,ready_for_pilot",Keep selector public payload reader-safe: candidate ref/title/summary only; move runtime flags to provenance/replacement_policy/internal metadata.
B5-SHARE_SAFETY-0167,share_safety,P0,selector_public_payload_runtime_flags,selector_asset,content_assets/big5/result_page_v2/agent_runs/share_safety_revised_v0_2_normalized/selector_asset_candidates.jsonl,31,candidate_content_share_safety_revised_v0_2_safe_quote_pool_07,share_safety_revised.v0_2.safe_quote_pool_07_selector,module_08_share_save.share_save.safe_surface.safe_quote_pool.safe_quote_pool_07.normalized,share_safety_registry,public_payload,"public_payload contains runtime_use,production_use_allowed,ready_for_pilot",Keep selector public payload reader-safe: candidate ref/title/summary only; move runtime flags to provenance/replacement_policy/internal metadata.
B5-SHARE_SAFETY-0168,share_safety,P0,selector_public_payload_runtime_flags,selector_asset,content_assets/big5/result_page_v2/agent_runs/share_safety_revised_v0_2_normalized/selector_asset_candidates.jsonl,32,candidate_content_share_safety_revised_v0_2_safe_quote_pool_08,share_safety_revised.v0_2.safe_quote_pool_08_selector,module_08_share_save.share_save.safe_surface.safe_quote_pool.safe_quote_pool_08.normalized,share_safety_registry,public_payload,"public_payload contains runtime_use,production_use_allowed,ready_for_pilot",Keep selector public payload reader-safe: candidate ref/title/summary only; move runtime flags to provenance/replacement_policy/internal metadata.
B5-SHARE_SAFETY-0169,share_safety,P0,selector_public_payload_runtime_flags,selector_asset,content_assets/big5/result_page_v2/agent_runs/share_safety_revised_v0_2_normalized/selector_asset_candidates.jsonl,33,candidate_content_share_safety_revised_v0_2_surface_boundary_notice_01,share_safety_revised.v0_2.surface_boundary_notice_01_selector,module_08_share_save.share_save.safe_surface.surface_boundary_notice.surface_boundary_notice_01.normalized,share_safety_registry,public_payload,"public_payload contains runtime_use,production_use_allowed,ready_for_pilot",Keep selector public payload reader-safe: candidate ref/title/summary only; move runtime flags to provenance/replacement_policy/internal metadata.
B5-SHARE_SAFETY-0170,share_safety,P0,selector_public_payload_runtime_flags,selector_asset,content_assets/big5/result_page_v2/agent_runs/share_safety_revised_v0_2_normalized/selector_asset_candidates.jsonl,34,candidate_content_share_safety_revised_v0_2_surface_boundary_notice_02,share_safety_revised.v0_2.surface_boundary_notice_02_selector,module_08_share_save.share_save.safe_surface.surface_boundary_notice.surface_boundary_notice_02.normalized,share_safety_registry,public_payload,"public_payload contains runtime_use,production_use_allowed,ready_for_pilot",Keep selector public payload reader-safe: candidate ref/title/summary only; move runtime flags to provenance/replacement_policy/internal metadata.
B5-SHARE_SAFETY-0171,share_safety,P0,selector_public_payload_runtime_flags,selector_asset,content_assets/big5/result_page_v2/agent_runs/share_safety_revised_v0_2_normalized/selector_asset_candidates.jsonl,35,candidate_content_share_safety_revised_v0_2_surface_boundary_notice_03,share_safety_revised.v0_2.surface_boundary_notice_03_selector,module_08_share_save.share_save.safe_surface.surface_boundary_notice.surface_boundary_notice_03.normalized,share_safety_registry,public_payload,"public_payload contains runtime_use,production_use_allowed,ready_for_pilot",Keep selector public payload reader-safe: candidate ref/title/summary only; move runtime flags to provenance/replacement_policy/internal metadata.
B5-SHARE_SAFETY-0172,share_safety,P0,selector_public_payload_runtime_flags,selector_asset,content_assets/big5/result_page_v2/agent_runs/share_safety_revised_v0_2_normalized/selector_asset_candidates.jsonl,36,candidate_content_share_safety_revised_v0_2_surface_boundary_notice_04,share_safety_revised.v0_2.surface_boundary_notice_04_selector,module_08_share_save.share_save.safe_surface.surface_boundary_notice.surface_boundary_notice_04.normalized,share_safety_registry,public_payload,"public_payload contains runtime_use,production_use_allowed,ready_for_pilot",Keep selector public payload reader-safe: candidate ref/title/summary only; move runtime flags to provenance/replacement_policy/internal metadata.
B5-LOW_QUALITY-0173,low_quality,P1,quality_warning_spread,content_asset,content_assets/big5/result_page_v2/agent_runs/low_quality_revised_v0_3_normalized/content_asset_candidates.jsonl,7,candidate_content_low_quality_safe_to_show_when_low_quality_v0_3,,low_quality.boundary.safe_to_show,,body_zh,低置信结果并不是全盘不可读。适合保留的内容，是五个维度的大致轮廓、少量与真实场景相关的观察问题，以及重新作答或继续记录的建议。这些信息能帮助用户开始理解自己，但不会把材料不足的地方包装成精密结论。报告也可以提示哪些模块已...,Quality warnings should be conditional and not spread into normal-result copy.
B5-LOW_QUALITY-0174,low_quality,P1,quality_warning_spread,content_asset,content_assets/big5/result_page_v2/agent_runs/low_quality_revised_v0_3_normalized/content_asset_candidates.jsonl,7,candidate_content_low_quality_safe_to_show_when_low_quality_v0_3,,low_quality.boundary.safe_to_show,,summary_zh,低置信状态下，适合保留大方向、观察题和复测建议。,Quality warnings should be conditional and not spread into normal-result copy.
B5-LOW_QUALITY-0175,low_quality,P1,quality_warning_spread,content_asset,content_assets/big5/result_page_v2/agent_runs/low_quality_revised_v0_3_normalized/content_asset_candidates.jsonl,7,candidate_content_low_quality_safe_to_show_when_low_quality_v0_3,,low_quality.boundary.safe_to_show,,title_zh,低置信时可以看什么,Quality warnings should be conditional and not spread into normal-result copy.
B5-LOW_QUALITY-0176,low_quality,P1,quality_warning_spread,content_asset,content_assets/big5/result_page_v2/agent_runs/low_quality_revised_v0_3_normalized/content_asset_candidates.jsonl,8,candidate_content_low_quality_should_soften_or_hide_when_low_quality_v0_3,,low_quality.boundary.should_soften_hide,,body_zh,低置信结果里，最需要放轻的是复杂组合、细分面向、长期画像、公开分享摘要和跨时间对比。它们不是完全不能看，而是不能被写成清晰、稳定、可外传的判断。尤其当报告涉及压力、关系、协作方式时，文字应从“你是什么样”改成“可以观察什...,Quality warnings should be conditional and not spread into normal-result copy.
B5-LOW_QUALITY-0177,low_quality,P1,quality_warning_spread,content_asset,content_assets/big5/result_page_v2/agent_runs/low_quality_revised_v0_3_normalized/content_asset_candidates.jsonl,8,candidate_content_low_quality_should_soften_or_hide_when_low_quality_v0_3,,low_quality.boundary.should_soften_hide,,summary_zh,低置信状态下，越复杂、越外显、越长期的解释越需要收窄。,Quality warnings should be conditional and not spread into normal-result copy.
B5-LOW_QUALITY-0178,low_quality,P1,quality_warning_spread,content_asset,content_assets/big5/result_page_v2/agent_runs/low_quality_revised_v0_3_normalized/content_asset_candidates.jsonl,9,candidate_content_low_quality_non_blaming_boundary_v0_3,,low_quality.boundary.non_blaming,,body_zh,当系统提示低置信时，它描述的是本次材料的可解释程度，而不是用户的认真程度、能力或人格。作答会受到时间、环境、疲劳、情绪和理解方式影响，任何一次测评都可能出现材料偏薄的情况。更合适的处理，是把提示看成阅读说明：哪些内容可以...,Quality warnings should be conditional and not spread into normal-result copy.
B5-LOW_QUALITY-0179,low_quality,P1,quality_warning_spread,content_asset,content_assets/big5/result_page_v2/agent_runs/low_quality_revised_v0_3_normalized/content_asset_candidates.jsonl,11,candidate_content_low_quality_share_boundary_low_quality_v0_3,,low_quality.share.boundary,,body_zh,低置信结果不适合作为公开介绍自己的材料。分享场景里，读者看不到你的作答环境、状态和完整方法边界，很容易把一句简短摘要当成确定判断。更稳的做法，是只分享中性的观察方向，例如“我最近在观察自己的沟通节奏”，而不是转发完整解释...,Quality warnings should be conditional and not spread into normal-result copy.
B5-LOW_QUALITY-0180,low_quality,P1,quality_warning_spread,content_asset,content_assets/big5/result_page_v2/agent_runs/low_quality_revised_v0_3_normalized/content_asset_candidates.jsonl,11,candidate_content_low_quality_share_boundary_low_quality_v0_3,,low_quality.share.boundary,,summary_zh,低置信状态下，公开分享只应保留很短的中性说明。,Quality warnings should be conditional and not spread into normal-result copy.
B5-LOW_QUALITY-0181,low_quality,P1,quality_warning_spread,content_asset,content_assets/big5/result_page_v2/agent_runs/low_quality_revised_v0_3_normalized/content_asset_candidates.jsonl,11,candidate_content_low_quality_share_boundary_low_quality_v0_3,,low_quality.share.boundary,,title_zh,低置信结果不宜外传,Quality warnings should be conditional and not spread into normal-result copy.
B5-LOW_QUALITY-0182,low_quality,P1,quality_warning_spread,content_asset,content_assets/big5/result_page_v2/agent_runs/low_quality_revised_v0_3_normalized/content_asset_candidates.jsonl,12,candidate_content_low_quality_compare_boundary_low_quality_v0_3,,low_quality.compare.boundary,,body_zh,低置信结果进入前后对比时，最容易被误读成“我变了”或“我退步了”。但在材料偏薄的情况下，差异可能来自作答状态、环境干扰或理解方式，而不只是特质变化。此时对比页应保留边界：可以记录哪些主题再次出现，哪些说法和现实经验相符；...,Quality warnings should be conditional and not spread into normal-result copy.
B5-LOW_QUALITY-0183,low_quality,P1,quality_warning_spread,content_asset,content_assets/big5/result_page_v2/agent_runs/low_quality_revised_v0_3_normalized/content_asset_candidates.jsonl,12,candidate_content_low_quality_compare_boundary_low_quality_v0_3,,low_quality.compare.boundary,,title_zh,低置信结果不宜做对比重点,Quality warnings should be conditional and not spread into normal-result copy.
B5-LOW_QUALITY-0184,low_quality,P1,quality_warning_spread,content_asset,content_assets/big5/result_page_v2/agent_runs/low_quality_revised_v0_3_normalized/content_asset_candidates.jsonl,13,candidate_content_low_quality_history_boundary_low_quality_v0_3,,low_quality.history.boundary,,body_zh,低置信报告可以保存，但保存方式应不同于完整可信度较高的结果。它更像一张当时状态的便签：记录那段时间你如何回答、哪些主题吸引注意、哪些地方需要以后再确认。历史回看时，建议把它和作答环境一起理解，而不是孤立地读取文字。这样既...,Quality warnings should be conditional and not spread into normal-result copy.
B5-LOW_QUALITY-0185,low_quality,P1,quality_warning_spread,content_asset,content_assets/big5/result_page_v2/agent_runs/low_quality_revised_v0_3_normalized/content_asset_candidates.jsonl,13,candidate_content_low_quality_history_boundary_low_quality_v0_3,,low_quality.history.boundary,,summary_zh,低置信结果可以留作当时状态记录，但不宜当作长期画像。,Quality warnings should be conditional and not spread into normal-result copy.
B5-LOW_QUALITY-0186,low_quality,P1,quality_warning_spread,content_asset,content_assets/big5/result_page_v2/agent_runs/low_quality_revised_v0_3_normalized/content_asset_candidates.jsonl,13,candidate_content_low_quality_history_boundary_low_quality_v0_3,,low_quality.history.boundary,,title_zh,低置信报告怎么保存,Quality warnings should be conditional and not spread into normal-result copy.
B5-LOW_QUALITY-0187,low_quality,P1,quality_warning_spread,content_asset,content_assets/big5/result_page_v2/agent_runs/low_quality_revised_v0_3_normalized/content_asset_candidates.jsonl,14,candidate_content_low_quality_next_step_low_quality_v0_3,,low_quality.next_step,,body_zh,低置信结果最适合转化成一个小观察，而不是一套完整自我说明。你可以选择一个最近反复出现的场景：开会、学习、沟通、拖延、压力恢复或关系边界。然后只问一个问题：报告里的哪句话能帮助我看清这个场景？如果一周内它多次被验证，可以保...,Quality warnings should be conditional and not spread into normal-result copy.
B5-LOW_QUALITY-0188,low_quality,P1,quality_warning_spread,content_asset,content_assets/big5/result_page_v2/agent_runs/low_quality_revised_v0_3_normalized/content_asset_candidates.jsonl,14,candidate_content_low_quality_next_step_low_quality_v0_3,,low_quality.next_step,,summary_zh,低置信状态下，最好的下一步是观察一个具体场景。,Quality warnings should be conditional and not spread into normal-result copy.
B5-LOW_QUALITY-0189,low_quality,P0,selector_public_payload_runtime_flags,selector_asset,content_assets/big5/result_page_v2/agent_runs/low_quality_revised_v0_3_normalized/selector_asset_candidates.jsonl,1,candidate_content_low_quality_lower_confidence_explanation_v0_3,candidate_low_quality_revised_v0_3_lower_confidence_explanation_selector,module_02_quick_understanding.low_quality.explanation.lower_confidence,state_scope_registry,public_payload,"public_payload contains runtime_use,production_use_allowed,ready_for_pilot",Keep selector public payload reader-safe: candidate ref/title/summary only; move runtime flags to provenance/replacement_policy/internal metadata.
B5-LOW_QUALITY-0190,low_quality,P0,selector_public_payload_runtime_flags,selector_asset,content_assets/big5/result_page_v2/agent_runs/low_quality_revised_v0_3_normalized/selector_asset_candidates.jsonl,2,candidate_content_low_quality_rushed_answer_context_v0_3,candidate_low_quality_revised_v0_3_rushed_answer_context_selector,module_02_quick_understanding.low_quality.explanation.rushed_answer,state_scope_registry,public_payload,"public_payload contains runtime_use,production_use_allowed,ready_for_pilot",Keep selector public payload reader-safe: candidate ref/title/summary only; move runtime flags to provenance/replacement_policy/internal metadata.
B5-LOW_QUALITY-0191,low_quality,P0,selector_public_payload_runtime_flags,selector_asset,content_assets/big5/result_page_v2/agent_runs/low_quality_revised_v0_3_normalized/selector_asset_candidates.jsonl,3,candidate_content_low_quality_interrupted_context_v0_3,candidate_low_quality_revised_v0_3_interrupted_context_selector,module_02_quick_understanding.low_quality.explanation.interrupted_context,state_scope_registry,public_payload,"public_payload contains runtime_use,production_use_allowed,ready_for_pilot",Keep selector public payload reader-safe: candidate ref/title/summary only; move runtime flags to provenance/replacement_policy/internal metadata.
B5-LOW_QUALITY-0192,low_quality,P0,selector_public_payload_runtime_flags,selector_asset,content_assets/big5/result_page_v2/agent_runs/low_quality_revised_v0_3_normalized/selector_asset_candidates.jsonl,4,candidate_content_low_quality_inconsistent_pattern_context_v0_3,candidate_low_quality_revised_v0_3_inconsistent_pattern_context_selector,module_02_quick_understanding.low_quality.explanation.inconsistent_pattern,state_scope_registry,public_payload,"public_payload contains runtime_use,production_use_allowed,ready_for_pilot",Keep selector public payload reader-safe: candidate ref/title/summary only; move runtime flags to provenance/replacement_policy/internal metadata.
B5-LOW_QUALITY-0193,low_quality,P0,selector_public_payload_runtime_flags,selector_asset,content_assets/big5/result_page_v2/agent_runs/low_quality_revised_v0_3_normalized/selector_asset_candidates.jsonl,5,candidate_content_low_quality_missing_or_sparse_information_v0_3,candidate_low_quality_revised_v0_3_missing_or_sparse_information_selector,module_02_quick_understanding.low_quality.explanation.missing_information,state_scope_registry,public_payload,"public_payload contains runtime_use,production_use_allowed,ready_for_pilot",Keep selector public payload reader-safe: candidate ref/title/summary only; move runtime flags to provenance/replacement_policy/internal metadata.
B5-LOW_QUALITY-0194,low_quality,P0,selector_public_payload_runtime_flags,selector_asset,content_assets/big5/result_page_v2/agent_runs/low_quality_revised_v0_3_normalized/selector_asset_candidates.jsonl,6,candidate_content_low_quality_unclear_self_observation_v0_3,candidate_low_quality_revised_v0_3_unclear_self_observation_selector,module_10_method_privacy.low_quality.boundary.unclear_self_observation,state_scope_registry,public_payload,"public_payload contains runtime_use,production_use_allowed,ready_for_pilot",Keep selector public payload reader-safe: candidate ref/title/summary only; move runtime flags to provenance/replacement_policy/internal metadata.
B5-LOW_QUALITY-0195,low_quality,P0,selector_public_payload_runtime_flags,selector_asset,content_assets/big5/result_page_v2/agent_runs/low_quality_revised_v0_3_normalized/selector_asset_candidates.jsonl,7,candidate_content_low_quality_safe_to_show_when_low_quality_v0_3,candidate_low_quality_revised_v0_3_safe_to_show_when_low_quality_selector,module_10_method_privacy.low_quality.boundary.safe_to_show,state_scope_registry,public_payload,"public_payload contains runtime_use,production_use_allowed,ready_for_pilot",Keep selector public payload reader-safe: candidate ref/title/summary only; move runtime flags to provenance/replacement_policy/internal metadata.
B5-LOW_QUALITY-0196,low_quality,P0,selector_public_payload_runtime_flags,selector_asset,content_assets/big5/result_page_v2/agent_runs/low_quality_revised_v0_3_normalized/selector_asset_candidates.jsonl,8,candidate_content_low_quality_should_soften_or_hide_when_low_quality_v0_3,candidate_low_quality_revised_v0_3_should_soften_or_hide_when_low_quality_selector,module_10_method_privacy.low_quality.boundary.should_soften_hide,state_scope_registry,public_payload,"public_payload contains runtime_use,production_use_allowed,ready_for_pilot",Keep selector public payload reader-safe: candidate ref/title/summary only; move runtime flags to provenance/replacement_policy/internal metadata.
B5-LOW_QUALITY-0197,low_quality,P0,selector_public_payload_runtime_flags,selector_asset,content_assets/big5/result_page_v2/agent_runs/low_quality_revised_v0_3_normalized/selector_asset_candidates.jsonl,9,candidate_content_low_quality_non_blaming_boundary_v0_3,candidate_low_quality_revised_v0_3_non_blaming_boundary_selector,module_10_method_privacy.low_quality.boundary.non_blaming,state_scope_registry,public_payload,"public_payload contains runtime_use,production_use_allowed,ready_for_pilot",Keep selector public payload reader-safe: candidate ref/title/summary only; move runtime flags to provenance/replacement_policy/internal metadata.
B5-LOW_QUALITY-0198,low_quality,P0,selector_public_payload_runtime_flags,selector_asset,content_assets/big5/result_page_v2/agent_runs/low_quality_revised_v0_3_normalized/selector_asset_candidates.jsonl,10,candidate_content_low_quality_retest_recommended_context_v0_3,candidate_low_quality_revised_v0_3_retest_recommended_context_selector,module_10_method_privacy.low_quality.retest.recommended,state_scope_registry,public_payload,"public_payload contains runtime_use,production_use_allowed,ready_for_pilot",Keep selector public payload reader-safe: candidate ref/title/summary only; move runtime flags to provenance/replacement_policy/internal metadata.
B5-LOW_QUALITY-0199,low_quality,P0,selector_public_payload_runtime_flags,selector_asset,content_assets/big5/result_page_v2/agent_runs/low_quality_revised_v0_3_normalized/selector_asset_candidates.jsonl,11,candidate_content_low_quality_share_boundary_low_quality_v0_3,candidate_low_quality_revised_v0_3_share_boundary_low_quality_selector,module_08_share_save.low_quality.share.boundary,state_scope_registry,public_payload,"public_payload contains runtime_use,production_use_allowed,ready_for_pilot",Keep selector public payload reader-safe: candidate ref/title/summary only; move runtime flags to provenance/replacement_policy/internal metadata.
B5-LOW_QUALITY-0200,low_quality,P0,selector_public_payload_runtime_flags,selector_asset,content_assets/big5/result_page_v2/agent_runs/low_quality_revised_v0_3_normalized/selector_asset_candidates.jsonl,12,candidate_content_low_quality_compare_boundary_low_quality_v0_3,candidate_low_quality_revised_v0_3_compare_boundary_low_quality_selector,module_08_share_save.low_quality.compare.boundary,state_scope_registry,public_payload,"public_payload contains runtime_use,production_use_allowed,ready_for_pilot",Keep selector public payload reader-safe: candidate ref/title/summary only; move runtime flags to provenance/replacement_policy/internal metadata.
B5-LOW_QUALITY-0201,low_quality,P0,selector_public_payload_runtime_flags,selector_asset,content_assets/big5/result_page_v2/agent_runs/low_quality_revised_v0_3_normalized/selector_asset_candidates.jsonl,13,candidate_content_low_quality_history_boundary_low_quality_v0_3,candidate_low_quality_revised_v0_3_history_boundary_low_quality_selector,module_08_share_save.low_quality.history.boundary,state_scope_registry,public_payload,"public_payload contains runtime_use,production_use_allowed,ready_for_pilot",Keep selector public payload reader-safe: candidate ref/title/summary only; move runtime flags to provenance/replacement_policy/internal metadata.
B5-LOW_QUALITY-0202,low_quality,P0,selector_public_payload_runtime_flags,selector_asset,content_assets/big5/result_page_v2/agent_runs/low_quality_revised_v0_3_normalized/selector_asset_candidates.jsonl,14,candidate_content_low_quality_next_step_low_quality_v0_3,candidate_low_quality_revised_v0_3_next_step_low_quality_selector,module_02_quick_understanding.low_quality.next_step,state_scope_registry,public_payload,"public_payload contains runtime_use,production_use_allowed,ready_for_pilot",Keep selector public payload reader-safe: candidate ref/title/summary only; move runtime flags to provenance/replacement_policy/internal metadata.
B5-NORM_UNAVAILABLE-0203,norm_unavailable,P1,overprescriptive_action,content_asset,content_assets/big5/result_page_v2/agent_runs/norm_unavailable_revised_v0_3_normalized/content_asset_candidates.jsonl,17,candidate_content_norm_low_quality_edge_state_content_norm_unavailable_neuroticism_soften_claim_v0_1,,method_boundary.edge_state.norm_unavailable.neuroticism.soften_claim.thickened,,body_zh,常模暂缺时，情绪性的措辞必须更谨慎。压力敏感度较高，可能意味着你更早察觉风险；较低，可能意味着你更能保持平稳，也可能较晚处理隐性压力。报告应解释压力反应和恢复节奏，而不是把人写成脆弱、麻木或完全稳定。真正有用的问题是：什...,"Action advice should be low-risk, optional, and non-prescriptive."
B5-NORM_UNAVAILABLE-0204,norm_unavailable,P0,selector_public_payload_runtime_flags,selector_asset,content_assets/big5/result_page_v2/agent_runs/norm_unavailable_revised_v0_3_normalized/selector_asset_candidates.jsonl,1,candidate_content_norm_low_quality_edge_state_content_norm_unavailable_global_show_boundary_v0_1,candidate_norm_unavailable_revised_v0_3_norm_low_quality_edge_state_content_norm_unavailable_global_show_boundary_v0_1_selector,module_10_method_privacy.method_boundary.edge_state.norm_unavailable.global.show_boundary.thickened,state_scope_registry,public_payload,"public_payload contains runtime_use,production_use_allowed,ready_for_pilot",Keep selector public payload reader-safe: candidate ref/title/summary only; move runtime flags to provenance/replacement_policy/internal metadata.
B5-NORM_UNAVAILABLE-0205,norm_unavailable,P0,selector_public_payload_runtime_flags,selector_asset,content_assets/big5/result_page_v2/agent_runs/norm_unavailable_revised_v0_3_normalized/selector_asset_candidates.jsonl,2,candidate_content_norm_low_quality_edge_state_content_norm_unavailable_global_soften_claim_v0_1,candidate_norm_unavailable_revised_v0_3_norm_low_quality_edge_state_content_norm_unavailable_global_soften_claim_v0_1_selector,module_10_method_privacy.method_boundary.edge_state.norm_unavailable.global.soften_claim.thickened,state_scope_registry,public_payload,"public_payload contains runtime_use,production_use_allowed,ready_for_pilot",Keep selector public payload reader-safe: candidate ref/title/summary only; move runtime flags to provenance/replacement_policy/internal metadata.
B5-NORM_UNAVAILABLE-0206,norm_unavailable,P0,selector_public_payload_runtime_flags,selector_asset,content_assets/big5/result_page_v2/agent_runs/norm_unavailable_revised_v0_3_normalized/selector_asset_candidates.jsonl,3,candidate_content_norm_low_quality_edge_state_content_norm_unavailable_global_hide_sensitive_v0_1,candidate_norm_unavailable_revised_v0_3_norm_low_quality_edge_state_content_norm_unavailable_global_hide_sensitive_v0_1_selector,module_10_method_privacy.method_boundary.edge_state.norm_unavailable.global.hide_sensitive.thickened,state_scope_registry,public_payload,"public_payload contains runtime_use,production_use_allowed,ready_for_pilot",Keep selector public payload reader-safe: candidate ref/title/summary only; move runtime flags to provenance/replacement_policy/internal metadata.
B5-NORM_UNAVAILABLE-0207,norm_unavailable,P0,selector_public_payload_runtime_flags,selector_asset,content_assets/big5/result_page_v2/agent_runs/norm_unavailable_revised_v0_3_normalized/selector_asset_candidates.jsonl,4,candidate_content_norm_low_quality_edge_state_content_norm_unavailable_openness_show_boundary_v0_1,candidate_norm_unavailable_revised_v0_3_norm_low_quality_edge_state_content_norm_unavailable_openness_show_boundary_v0_1_selector,module_10_method_privacy.method_boundary.edge_state.norm_unavailable.openness.show_boundary.thickened,state_scope_registry,public_payload,"public_payload contains runtime_use,production_use_allowed,ready_for_pilot",Keep selector public payload reader-safe: candidate ref/title/summary only; move runtime flags to provenance/replacement_policy/internal metadata.
B5-NORM_UNAVAILABLE-0208,norm_unavailable,P0,selector_public_payload_runtime_flags,selector_asset,content_assets/big5/result_page_v2/agent_runs/norm_unavailable_revised_v0_3_normalized/selector_asset_candidates.jsonl,5,candidate_content_norm_low_quality_edge_state_content_norm_unavailable_openness_soften_claim_v0_1,candidate_norm_unavailable_revised_v0_3_norm_low_quality_edge_state_content_norm_unavailable_openness_soften_claim_v0_1_selector,module_10_method_privacy.method_boundary.edge_state.norm_unavailable.openness.soften_claim.thickened,state_scope_registry,public_payload,"public_payload contains runtime_use,production_use_allowed,ready_for_pilot",Keep selector public payload reader-safe: candidate ref/title/summary only; move runtime flags to provenance/replacement_policy/internal metadata.
B5-NORM_UNAVAILABLE-0209,norm_unavailable,P0,selector_public_payload_runtime_flags,selector_asset,content_assets/big5/result_page_v2/agent_runs/norm_unavailable_revised_v0_3_normalized/selector_asset_candidates.jsonl,6,candidate_content_norm_low_quality_edge_state_content_norm_unavailable_openness_hide_sensitive_v0_1,candidate_norm_unavailable_revised_v0_3_norm_low_quality_edge_state_content_norm_unavailable_openness_hide_sensitive_v0_1_selector,module_10_method_privacy.method_boundary.edge_state.norm_unavailable.openness.hide_sensitive.thickened,state_scope_registry,public_payload,"public_payload contains runtime_use,production_use_allowed,ready_for_pilot",Keep selector public payload reader-safe: candidate ref/title/summary only; move runtime flags to provenance/replacement_policy/internal metadata.
B5-NORM_UNAVAILABLE-0210,norm_unavailable,P0,selector_public_payload_runtime_flags,selector_asset,content_assets/big5/result_page_v2/agent_runs/norm_unavailable_revised_v0_3_normalized/selector_asset_candidates.jsonl,7,candidate_content_norm_low_quality_edge_state_content_norm_unavailable_conscientiousness_show_boundary_v0_1,candidate_norm_unavailable_revised_v0_3_norm_low_quality_edge_state_content_norm_unavailable_conscientiousness_show_boundary_v0_1_selector,module_10_method_privacy.method_boundary.edge_state.norm_unavailable.conscientiousness.show_boundary.thickened,state_scope_registry,public_payload,"public_payload contains runtime_use,production_use_allowed,ready_for_pilot",Keep selector public payload reader-safe: candidate ref/title/summary only; move runtime flags to provenance/replacement_policy/internal metadata.
B5-NORM_UNAVAILABLE-0211,norm_unavailable,P0,selector_public_payload_runtime_flags,selector_asset,content_assets/big5/result_page_v2/agent_runs/norm_unavailable_revised_v0_3_normalized/selector_asset_candidates.jsonl,8,candidate_content_norm_low_quality_edge_state_content_norm_unavailable_conscientiousness_soften_claim_v0_1,candidate_norm_unavailable_revised_v0_3_norm_low_quality_edge_state_content_norm_unavailable_conscientiousness_soften_claim_v0_1_selector,module_10_method_privacy.method_boundary.edge_state.norm_unavailable.conscientiousness.soften_claim.thickened,state_scope_registry,public_payload,"public_payload contains runtime_use,production_use_allowed,ready_for_pilot",Keep selector public payload reader-safe: candidate ref/title/summary only; move runtime flags to provenance/replacement_policy/internal metadata.
B5-NORM_UNAVAILABLE-0212,norm_unavailable,P0,selector_public_payload_runtime_flags,selector_asset,content_assets/big5/result_page_v2/agent_runs/norm_unavailable_revised_v0_3_normalized/selector_asset_candidates.jsonl,9,candidate_content_norm_low_quality_edge_state_content_norm_unavailable_conscientiousness_hide_sensitive_v0_1,candidate_norm_unavailable_revised_v0_3_norm_low_quality_edge_state_content_norm_unavailable_conscientiousness_hide_sensitive_v0_1_selector,module_10_method_privacy.method_boundary.edge_state.norm_unavailable.conscientiousness.hide_sensitive.thickened,state_scope_registry,public_payload,"public_payload contains runtime_use,production_use_allowed,ready_for_pilot",Keep selector public payload reader-safe: candidate ref/title/summary only; move runtime flags to provenance/replacement_policy/internal metadata.
B5-NORM_UNAVAILABLE-0213,norm_unavailable,P0,selector_public_payload_runtime_flags,selector_asset,content_assets/big5/result_page_v2/agent_runs/norm_unavailable_revised_v0_3_normalized/selector_asset_candidates.jsonl,10,candidate_content_norm_low_quality_edge_state_content_norm_unavailable_extraversion_show_boundary_v0_1,candidate_norm_unavailable_revised_v0_3_norm_low_quality_edge_state_content_norm_unavailable_extraversion_show_boundary_v0_1_selector,module_10_method_privacy.method_boundary.edge_state.norm_unavailable.extraversion.show_boundary.thickened,state_scope_registry,public_payload,"public_payload contains runtime_use,production_use_allowed,ready_for_pilot",Keep selector public payload reader-safe: candidate ref/title/summary only; move runtime flags to provenance/replacement_policy/internal metadata.
B5-NORM_UNAVAILABLE-0214,norm_unavailable,P0,selector_public_payload_runtime_flags,selector_asset,content_assets/big5/result_page_v2/agent_runs/norm_unavailable_revised_v0_3_normalized/selector_asset_candidates.jsonl,11,candidate_content_norm_low_quality_edge_state_content_norm_unavailable_extraversion_soften_claim_v0_1,candidate_norm_unavailable_revised_v0_3_norm_low_quality_edge_state_content_norm_unavailable_extraversion_soften_claim_v0_1_selector,module_10_method_privacy.method_boundary.edge_state.norm_unavailable.extraversion.soften_claim.thickened,state_scope_registry,public_payload,"public_payload contains runtime_use,production_use_allowed,ready_for_pilot",Keep selector public payload reader-safe: candidate ref/title/summary only; move runtime flags to provenance/replacement_policy/internal metadata.
B5-NORM_UNAVAILABLE-0215,norm_unavailable,P0,selector_public_payload_runtime_flags,selector_asset,content_assets/big5/result_page_v2/agent_runs/norm_unavailable_revised_v0_3_normalized/selector_asset_candidates.jsonl,12,candidate_content_norm_low_quality_edge_state_content_norm_unavailable_extraversion_hide_sensitive_v0_1,candidate_norm_unavailable_revised_v0_3_norm_low_quality_edge_state_content_norm_unavailable_extraversion_hide_sensitive_v0_1_selector,module_10_method_privacy.method_boundary.edge_state.norm_unavailable.extraversion.hide_sensitive.thickened,state_scope_registry,public_payload,"public_payload contains runtime_use,production_use_allowed,ready_for_pilot",Keep selector public payload reader-safe: candidate ref/title/summary only; move runtime flags to provenance/replacement_policy/internal metadata.
B5-NORM_UNAVAILABLE-0216,norm_unavailable,P0,selector_public_payload_runtime_flags,selector_asset,content_assets/big5/result_page_v2/agent_runs/norm_unavailable_revised_v0_3_normalized/selector_asset_candidates.jsonl,13,candidate_content_norm_low_quality_edge_state_content_norm_unavailable_agreeableness_show_boundary_v0_1,candidate_norm_unavailable_revised_v0_3_norm_low_quality_edge_state_content_norm_unavailable_agreeableness_show_boundary_v0_1_selector,module_10_method_privacy.method_boundary.edge_state.norm_unavailable.agreeableness.show_boundary.thickened,state_scope_registry,public_payload,"public_payload contains runtime_use,production_use_allowed,ready_for_pilot",Keep selector public payload reader-safe: candidate ref/title/summary only; move runtime flags to provenance/replacement_policy/internal metadata.
B5-NORM_UNAVAILABLE-0217,norm_unavailable,P0,selector_public_payload_runtime_flags,selector_asset,content_assets/big5/result_page_v2/agent_runs/norm_unavailable_revised_v0_3_normalized/selector_asset_candidates.jsonl,14,candidate_content_norm_low_quality_edge_state_content_norm_unavailable_agreeableness_soften_claim_v0_1,candidate_norm_unavailable_revised_v0_3_norm_low_quality_edge_state_content_norm_unavailable_agreeableness_soften_claim_v0_1_selector,module_10_method_privacy.method_boundary.edge_state.norm_unavailable.agreeableness.soften_claim.thickened,state_scope_registry,public_payload,"public_payload contains runtime_use,production_use_allowed,ready_for_pilot",Keep selector public payload reader-safe: candidate ref/title/summary only; move runtime flags to provenance/replacement_policy/internal metadata.
B5-NORM_UNAVAILABLE-0218,norm_unavailable,P0,selector_public_payload_runtime_flags,selector_asset,content_assets/big5/result_page_v2/agent_runs/norm_unavailable_revised_v0_3_normalized/selector_asset_candidates.jsonl,15,candidate_content_norm_low_quality_edge_state_content_norm_unavailable_agreeableness_hide_sensitive_v0_1,candidate_norm_unavailable_revised_v0_3_norm_low_quality_edge_state_content_norm_unavailable_agreeableness_hide_sensitive_v0_1_selector,module_10_method_privacy.method_boundary.edge_state.norm_unavailable.agreeableness.hide_sensitive.thickened,state_scope_registry,public_payload,"public_payload contains runtime_use,production_use_allowed,ready_for_pilot",Keep selector public payload reader-safe: candidate ref/title/summary only; move runtime flags to provenance/replacement_policy/internal metadata.
B5-NORM_UNAVAILABLE-0219,norm_unavailable,P0,selector_public_payload_runtime_flags,selector_asset,content_assets/big5/result_page_v2/agent_runs/norm_unavailable_revised_v0_3_normalized/selector_asset_candidates.jsonl,16,candidate_content_norm_low_quality_edge_state_content_norm_unavailable_neuroticism_show_boundary_v0_1,candidate_norm_unavailable_revised_v0_3_norm_low_quality_edge_state_content_norm_unavailable_neuroticism_show_boundary_v0_1_selector,module_10_method_privacy.method_boundary.edge_state.norm_unavailable.neuroticism.show_boundary.thickened,state_scope_registry,public_payload,"public_payload contains runtime_use,production_use_allowed,ready_for_pilot",Keep selector public payload reader-safe: candidate ref/title/summary only; move runtime flags to provenance/replacement_policy/internal metadata.
B5-NORM_UNAVAILABLE-0220,norm_unavailable,P0,selector_public_payload_runtime_flags,selector_asset,content_assets/big5/result_page_v2/agent_runs/norm_unavailable_revised_v0_3_normalized/selector_asset_candidates.jsonl,17,candidate_content_norm_low_quality_edge_state_content_norm_unavailable_neuroticism_soften_claim_v0_1,candidate_norm_unavailable_revised_v0_3_norm_low_quality_edge_state_content_norm_unavailable_neuroticism_soften_claim_v0_1_selector,module_10_method_privacy.method_boundary.edge_state.norm_unavailable.neuroticism.soften_claim.thickened,state_scope_registry,public_payload,"public_payload contains runtime_use,production_use_allowed,ready_for_pilot",Keep selector public payload reader-safe: candidate ref/title/summary only; move runtime flags to provenance/replacement_policy/internal metadata.
B5-NORM_UNAVAILABLE-0221,norm_unavailable,P0,selector_public_payload_runtime_flags,selector_asset,content_assets/big5/result_page_v2/agent_runs/norm_unavailable_revised_v0_3_normalized/selector_asset_candidates.jsonl,18,candidate_content_norm_low_quality_edge_state_content_norm_unavailable_neuroticism_hide_sensitive_v0_1,candidate_norm_unavailable_revised_v0_3_norm_low_quality_edge_state_content_norm_unavailable_neuroticism_hide_sensitive_v0_1_selector,module_10_method_privacy.method_boundary.edge_state.norm_unavailable.neuroticism.hide_sensitive.thickened,state_scope_registry,public_payload,"public_payload contains runtime_use,production_use_allowed,ready_for_pilot",Keep selector public payload reader-safe: candidate ref/title/summary only; move runtime flags to provenance/replacement_policy/internal metadata.
B5-RENDERED_SURFACE_QA-0222,rendered_surface_qa,P1,quality_warning_spread,content_asset,content_assets/big5/result_page_v2/agent_runs/rendered_surface_qa_revised_v0_3_normalized/content_asset_candidates.jsonl,6,candidate_content_rendered_surface_qa_pdf_privacy_boundary_v0_3,,module_10_method_privacy.rendered_surface_qa.pdf.privacy,,body_zh,PDF 比网页更像一份可流通文件，所以隐私边界要更明确。个人保存时，可以保留较完整解释；准备转发时，应优先使用更短的安全摘要。PDF 不应展示可追踪访问线索、未处理计分信息、答题细节或内部字段。涉及压力、关系、恢复节奏和...,Quality warnings should be conditional and not spread into normal-result copy.
B5-RENDERED_SURFACE_QA-0223,rendered_surface_qa,P1,overprescriptive_action,content_asset,content_assets/big5/result_page_v2/agent_runs/rendered_surface_qa_revised_v0_3_normalized/content_asset_candidates.jsonl,10,candidate_content_rendered_surface_qa_share_privacy_boundary_v0_3,,module_08_share_save.share_save.rendered_surface_qa.share.privacy,,body_zh,分享卡面对的不是用户本人，而是不确定的读者。它必须默认使用最保守边界：不展示细分推断、压力恢复、作答质量、参照状态、可追踪线索或系统字段。即使原报告里有更深入的内容，分享卡也只应保留可公开讨论的偏好和下一步。验收时要特别...,"Action advice should be low-risk, optional, and non-prescriptive."
B5-RENDERED_SURFACE_QA-0224,rendered_surface_qa,P1,quality_warning_spread,content_asset,content_assets/big5/result_page_v2/agent_runs/rendered_surface_qa_revised_v0_3_normalized/content_asset_candidates.jsonl,14,candidate_content_rendered_surface_qa_history_privacy_boundary_v0_3,,module_10_method_privacy.rendered_surface_qa.history.privacy,,body_zh,历史记录的风险来自时间。今天看起来可以接受的细节，过几个月可能已经不适合继续展示在列表、对照或导出里。因此历史记录应以安全摘要为主，少展示压力细节、低质量状态、参照限制和敏感关系描述。它可以保留“当时最重要的观察”和“后...,Quality warnings should be conditional and not spread into normal-result copy.
B5-RENDERED_SURFACE_QA-0225,rendered_surface_qa,P1,quality_warning_spread,content_asset,content_assets/big5/result_page_v2/agent_runs/rendered_surface_qa_revised_v0_3_normalized/content_asset_candidates.jsonl,18,candidate_content_rendered_surface_qa_compare_privacy_boundary_v0_3,,module_10_method_privacy.rendered_surface_qa.compare.privacy,,body_zh,对比视图涉及不止一个结果，因此边界要更严格。它不应暴露任何一方的私密细节、低质量状态、敏感压力线索或完整深读内容。即使用户授权查看，也应优先使用摘要和场景语言，避免让差异看起来像对人的评价。验收时要确认对比文本没有把某一...,Quality warnings should be conditional and not spread into normal-result copy.
B5-RENDERED_SURFACE_QA-0226,rendered_surface_qa,P1,overprescriptive_action,content_asset,content_assets/big5/result_page_v2/agent_runs/rendered_surface_qa_revised_v0_3_normalized/content_asset_candidates.jsonl,18,candidate_content_rendered_surface_qa_compare_privacy_boundary_v0_3,,module_10_method_privacy.rendered_surface_qa.compare.privacy,,short_body_zh,对比不是公开评价工具，必须保护双方语境。,"Action advice should be low-risk, optional, and non-prescriptive."
B5-RENDERED_SURFACE_QA-0227,rendered_surface_qa,P1,fixed_type_framing,content_asset,content_assets/big5/result_page_v2/agent_runs/rendered_surface_qa_revised_v0_3_normalized/content_asset_candidates.jsonl,19,candidate_content_rendered_surface_qa_compare_summary_scope_v0_3,,module_10_method_privacy.rendered_surface_qa.compare.summary,,body_zh,对比摘要适合写成协作提示：谁更需要提前信息，谁更适合先讨论大方向，谁在压力下需要更多恢复时间。它不适合解释完整人格，也不适合把差异写成关系走向。摘要越短，越要克制。验收时要把摘要单独拿出来读：如果它像评价其中一方，而不是...,"Profiles/couplings must remain current score-structure clues, not identity types."
B5-RENDERED_SURFACE_QA-0228,rendered_surface_qa,P1,overprescriptive_action,content_asset,content_assets/big5/result_page_v2/agent_runs/rendered_surface_qa_revised_v0_3_normalized/content_asset_candidates.jsonl,21,candidate_content_rendered_surface_qa_print_saved_display_expectation_v0_3,,module_10_method_privacy.rendered_surface_qa.print_saved.display,,body_zh,打印和保存版本常常失去网页交互：折叠不再展开，提示无法悬浮，链接也可能失效。因此离线版本要保证标题、正文、边界和行动建议本身就能读通。它不需要保留网页上的全部互动元素，但必须保留章节顺序、方法边界和必要说明。验收时要从纸...,"Action advice should be low-risk, optional, and non-prescriptive."
B5-RENDERED_SURFACE_QA-0229,rendered_surface_qa,P1,overprescriptive_action,content_asset,content_assets/big5/result_page_v2/agent_runs/rendered_surface_qa_revised_v0_3_normalized/content_asset_candidates.jsonl,21,candidate_content_rendered_surface_qa_print_saved_display_expectation_v0_3,,module_10_method_privacy.rendered_surface_qa.print_saved.display,,summary_zh,打印或保存版本失去交互后，章节和边界必须仍然清楚。,"Action advice should be low-risk, optional, and non-prescriptive."
B5-RENDERED_SURFACE_QA-0230,rendered_surface_qa,P0,selector_public_payload_runtime_flags,selector_asset,content_assets/big5/result_page_v2/agent_runs/rendered_surface_qa_revised_v0_3_normalized/selector_asset_candidates.jsonl,1,rendered_surface_qa.result_page.display_expectation.v0_3,candidate_rendered_surface_qa_revised_v0_3_result_page_display_selector,module_10_method_privacy.rendered_surface_qa.result_page.display,state_scope_registry,public_payload,"public_payload contains runtime_use,production_use_allowed,ready_for_pilot",Keep selector public payload reader-safe: candidate ref/title/summary only; move runtime flags to provenance/replacement_policy/internal metadata.
B5-RENDERED_SURFACE_QA-0231,rendered_surface_qa,P0,selector_public_payload_runtime_flags,selector_asset,content_assets/big5/result_page_v2/agent_runs/rendered_surface_qa_revised_v0_3_normalized/selector_asset_candidates.jsonl,2,rendered_surface_qa.result_page.privacy_boundary.v0_3,candidate_rendered_surface_qa_revised_v0_3_result_page_privacy_selector,module_10_method_privacy.rendered_surface_qa.result_page.privacy,state_scope_registry,public_payload,"public_payload contains runtime_use,production_use_allowed,ready_for_pilot",Keep selector public payload reader-safe: candidate ref/title/summary only; move runtime flags to provenance/replacement_policy/internal metadata.
B5-RENDERED_SURFACE_QA-0232,rendered_surface_qa,P0,selector_public_payload_runtime_flags,selector_asset,content_assets/big5/result_page_v2/agent_runs/rendered_surface_qa_revised_v0_3_normalized/selector_asset_candidates.jsonl,3,rendered_surface_qa.result_page.summary_scope.v0_3,candidate_rendered_surface_qa_revised_v0_3_result_page_summary_selector,module_10_method_privacy.rendered_surface_qa.result_page.summary,state_scope_registry,public_payload,"public_payload contains runtime_use,production_use_allowed,ready_for_pilot",Keep selector public payload reader-safe: candidate ref/title/summary only; move runtime flags to provenance/replacement_policy/internal metadata.
B5-RENDERED_SURFACE_QA-0233,rendered_surface_qa,P0,selector_public_payload_runtime_flags,selector_asset,content_assets/big5/result_page_v2/agent_runs/rendered_surface_qa_revised_v0_3_normalized/selector_asset_candidates.jsonl,4,rendered_surface_qa.result_page.issue_triage.v0_3,candidate_rendered_surface_qa_revised_v0_3_result_page_triage_selector,module_10_method_privacy.rendered_surface_qa.result_page.triage,state_scope_registry,public_payload,"public_payload contains runtime_use,production_use_allowed,ready_for_pilot",Keep selector public payload reader-safe: candidate ref/title/summary only; move runtime flags to provenance/replacement_policy/internal metadata.
B5-RENDERED_SURFACE_QA-0234,rendered_surface_qa,P0,selector_public_payload_runtime_flags,selector_asset,content_assets/big5/result_page_v2/agent_runs/rendered_surface_qa_revised_v0_3_normalized/selector_asset_candidates.jsonl,5,rendered_surface_qa.pdf.display_expectation.v0_3,candidate_rendered_surface_qa_revised_v0_3_pdf_display_selector,module_10_method_privacy.rendered_surface_qa.pdf.display,state_scope_registry,public_payload,"public_payload contains runtime_use,production_use_allowed,ready_for_pilot",Keep selector public payload reader-safe: candidate ref/title/summary only; move runtime flags to provenance/replacement_policy/internal metadata.
B5-RENDERED_SURFACE_QA-0235,rendered_surface_qa,P0,selector_public_payload_runtime_flags,selector_asset,content_assets/big5/result_page_v2/agent_runs/rendered_surface_qa_revised_v0_3_normalized/selector_asset_candidates.jsonl,6,rendered_surface_qa.pdf.privacy_boundary.v0_3,candidate_rendered_surface_qa_revised_v0_3_pdf_privacy_selector,module_10_method_privacy.rendered_surface_qa.pdf.privacy,state_scope_registry,public_payload,"public_payload contains runtime_use,production_use_allowed,ready_for_pilot",Keep selector public payload reader-safe: candidate ref/title/summary only; move runtime flags to provenance/replacement_policy/internal metadata.
B5-RENDERED_SURFACE_QA-0236,rendered_surface_qa,P0,selector_public_payload_runtime_flags,selector_asset,content_assets/big5/result_page_v2/agent_runs/rendered_surface_qa_revised_v0_3_normalized/selector_asset_candidates.jsonl,7,rendered_surface_qa.pdf.summary_scope.v0_3,candidate_rendered_surface_qa_revised_v0_3_pdf_summary_selector,module_10_method_privacy.rendered_surface_qa.pdf.summary,state_scope_registry,public_payload,"public_payload contains runtime_use,production_use_allowed,ready_for_pilot",Keep selector public payload reader-safe: candidate ref/title/summary only; move runtime flags to provenance/replacement_policy/internal metadata.
B5-RENDERED_SURFACE_QA-0237,rendered_surface_qa,P0,selector_public_payload_runtime_flags,selector_asset,content_assets/big5/result_page_v2/agent_runs/rendered_surface_qa_revised_v0_3_normalized/selector_asset_candidates.jsonl,8,rendered_surface_qa.pdf.issue_triage.v0_3,candidate_rendered_surface_qa_revised_v0_3_pdf_triage_selector,module_10_method_privacy.rendered_surface_qa.pdf.triage,state_scope_registry,public_payload,"public_payload contains runtime_use,production_use_allowed,ready_for_pilot",Keep selector public payload reader-safe: candidate ref/title/summary only; move runtime flags to provenance/replacement_policy/internal metadata.
B5-RENDERED_SURFACE_QA-0238,rendered_surface_qa,P0,selector_public_payload_runtime_flags,selector_asset,content_assets/big5/result_page_v2/agent_runs/rendered_surface_qa_revised_v0_3_normalized/selector_asset_candidates.jsonl,9,rendered_surface_qa.share.display_expectation.v0_3,candidate_rendered_surface_qa_revised_v0_3_share_display_selector,module_08_share_save.share_save.rendered_surface_qa.share.display,share_safety_registry,public_payload,"public_payload contains runtime_use,production_use_allowed,ready_for_pilot",Keep selector public payload reader-safe: candidate ref/title/summary only; move runtime flags to provenance/replacement_policy/internal metadata.
B5-RENDERED_SURFACE_QA-0239,rendered_surface_qa,P0,selector_public_payload_runtime_flags,selector_asset,content_assets/big5/result_page_v2/agent_runs/rendered_surface_qa_revised_v0_3_normalized/selector_asset_candidates.jsonl,10,rendered_surface_qa.share.privacy_boundary.v0_3,candidate_rendered_surface_qa_revised_v0_3_share_privacy_selector,module_08_share_save.share_save.rendered_surface_qa.share.privacy,share_safety_registry,public_payload,"public_payload contains runtime_use,production_use_allowed,ready_for_pilot",Keep selector public payload reader-safe: candidate ref/title/summary only; move runtime flags to provenance/replacement_policy/internal metadata.
B5-RENDERED_SURFACE_QA-0240,rendered_surface_qa,P0,selector_public_payload_runtime_flags,selector_asset,content_assets/big5/result_page_v2/agent_runs/rendered_surface_qa_revised_v0_3_normalized/selector_asset_candidates.jsonl,11,rendered_surface_qa.share.summary_scope.v0_3,candidate_rendered_surface_qa_revised_v0_3_share_summary_selector,module_08_share_save.share_save.rendered_surface_qa.share.summary,share_safety_registry,public_payload,"public_payload contains runtime_use,production_use_allowed,ready_for_pilot",Keep selector public payload reader-safe: candidate ref/title/summary only; move runtime flags to provenance/replacement_policy/internal metadata.
B5-RENDERED_SURFACE_QA-0241,rendered_surface_qa,P0,selector_public_payload_runtime_flags,selector_asset,content_assets/big5/result_page_v2/agent_runs/rendered_surface_qa_revised_v0_3_normalized/selector_asset_candidates.jsonl,12,rendered_surface_qa.share.issue_triage.v0_3,candidate_rendered_surface_qa_revised_v0_3_share_triage_selector,module_08_share_save.share_save.rendered_surface_qa.share.triage,share_safety_registry,public_payload,"public_payload contains runtime_use,production_use_allowed,ready_for_pilot",Keep selector public payload reader-safe: candidate ref/title/summary only; move runtime flags to provenance/replacement_policy/internal metadata.
B5-RENDERED_SURFACE_QA-0242,rendered_surface_qa,P0,selector_public_payload_runtime_flags,selector_asset,content_assets/big5/result_page_v2/agent_runs/rendered_surface_qa_revised_v0_3_normalized/selector_asset_candidates.jsonl,13,rendered_surface_qa.history.display_expectation.v0_3,candidate_rendered_surface_qa_revised_v0_3_history_display_selector,module_10_method_privacy.rendered_surface_qa.history.display,state_scope_registry,public_payload,"public_payload contains runtime_use,production_use_allowed,ready_for_pilot",Keep selector public payload reader-safe: candidate ref/title/summary only; move runtime flags to provenance/replacement_policy/internal metadata.
B5-RENDERED_SURFACE_QA-0243,rendered_surface_qa,P0,selector_public_payload_runtime_flags,selector_asset,content_assets/big5/result_page_v2/agent_runs/rendered_surface_qa_revised_v0_3_normalized/selector_asset_candidates.jsonl,14,rendered_surface_qa.history.privacy_boundary.v0_3,candidate_rendered_surface_qa_revised_v0_3_history_privacy_selector,module_10_method_privacy.rendered_surface_qa.history.privacy,state_scope_registry,public_payload,"public_payload contains runtime_use,production_use_allowed,ready_for_pilot",Keep selector public payload reader-safe: candidate ref/title/summary only; move runtime flags to provenance/replacement_policy/internal metadata.
B5-RENDERED_SURFACE_QA-0244,rendered_surface_qa,P0,selector_public_payload_runtime_flags,selector_asset,content_assets/big5/result_page_v2/agent_runs/rendered_surface_qa_revised_v0_3_normalized/selector_asset_candidates.jsonl,15,rendered_surface_qa.history.summary_scope.v0_3,candidate_rendered_surface_qa_revised_v0_3_history_summary_selector,module_10_method_privacy.rendered_surface_qa.history.summary,state_scope_registry,public_payload,"public_payload contains runtime_use,production_use_allowed,ready_for_pilot",Keep selector public payload reader-safe: candidate ref/title/summary only; move runtime flags to provenance/replacement_policy/internal metadata.
B5-RENDERED_SURFACE_QA-0245,rendered_surface_qa,P0,selector_public_payload_runtime_flags,selector_asset,content_assets/big5/result_page_v2/agent_runs/rendered_surface_qa_revised_v0_3_normalized/selector_asset_candidates.jsonl,16,rendered_surface_qa.history.issue_triage.v0_3,candidate_rendered_surface_qa_revised_v0_3_history_triage_selector,module_10_method_privacy.rendered_surface_qa.history.triage,state_scope_registry,public_payload,"public_payload contains runtime_use,production_use_allowed,ready_for_pilot",Keep selector public payload reader-safe: candidate ref/title/summary only; move runtime flags to provenance/replacement_policy/internal metadata.
B5-RENDERED_SURFACE_QA-0246,rendered_surface_qa,P0,selector_public_payload_runtime_flags,selector_asset,content_assets/big5/result_page_v2/agent_runs/rendered_surface_qa_revised_v0_3_normalized/selector_asset_candidates.jsonl,17,rendered_surface_qa.compare.display_expectation.v0_3,candidate_rendered_surface_qa_revised_v0_3_compare_display_selector,module_10_method_privacy.rendered_surface_qa.compare.display,state_scope_registry,public_payload,"public_payload contains runtime_use,production_use_allowed,ready_for_pilot",Keep selector public payload reader-safe: candidate ref/title/summary only; move runtime flags to provenance/replacement_policy/internal metadata.
B5-RENDERED_SURFACE_QA-0247,rendered_surface_qa,P0,selector_public_payload_runtime_flags,selector_asset,content_assets/big5/result_page_v2/agent_runs/rendered_surface_qa_revised_v0_3_normalized/selector_asset_candidates.jsonl,18,rendered_surface_qa.compare.privacy_boundary.v0_3,candidate_rendered_surface_qa_revised_v0_3_compare_privacy_selector,module_10_method_privacy.rendered_surface_qa.compare.privacy,state_scope_registry,public_payload,"public_payload contains runtime_use,production_use_allowed,ready_for_pilot",Keep selector public payload reader-safe: candidate ref/title/summary only; move runtime flags to provenance/replacement_policy/internal metadata.
B5-RENDERED_SURFACE_QA-0248,rendered_surface_qa,P0,selector_public_payload_runtime_flags,selector_asset,content_assets/big5/result_page_v2/agent_runs/rendered_surface_qa_revised_v0_3_normalized/selector_asset_candidates.jsonl,19,rendered_surface_qa.compare.summary_scope.v0_3,candidate_rendered_surface_qa_revised_v0_3_compare_summary_selector,module_10_method_privacy.rendered_surface_qa.compare.summary,state_scope_registry,public_payload,"public_payload contains runtime_use,production_use_allowed,ready_for_pilot",Keep selector public payload reader-safe: candidate ref/title/summary only; move runtime flags to provenance/replacement_policy/internal metadata.
B5-RENDERED_SURFACE_QA-0249,rendered_surface_qa,P0,selector_public_payload_runtime_flags,selector_asset,content_assets/big5/result_page_v2/agent_runs/rendered_surface_qa_revised_v0_3_normalized/selector_asset_candidates.jsonl,20,rendered_surface_qa.compare.issue_triage.v0_3,candidate_rendered_surface_qa_revised_v0_3_compare_triage_selector,module_10_method_privacy.rendered_surface_qa.compare.triage,state_scope_registry,public_payload,"public_payload contains runtime_use,production_use_allowed,ready_for_pilot",Keep selector public payload reader-safe: candidate ref/title/summary only; move runtime flags to provenance/replacement_policy/internal metadata.
B5-RENDERED_SURFACE_QA-0250,rendered_surface_qa,P0,selector_public_payload_runtime_flags,selector_asset,content_assets/big5/result_page_v2/agent_runs/rendered_surface_qa_revised_v0_3_normalized/selector_asset_candidates.jsonl,21,rendered_surface_qa.print_saved.display_expectation.v0_3,candidate_rendered_surface_qa_revised_v0_3_print_saved_display_selector,module_10_method_privacy.rendered_surface_qa.print_saved.display,state_scope_registry,public_payload,"public_payload contains runtime_use,production_use_allowed,ready_for_pilot",Keep selector public payload reader-safe: candidate ref/title/summary only; move runtime flags to provenance/replacement_policy/internal metadata.
B5-RENDERED_SURFACE_QA-0251,rendered_surface_qa,P0,selector_public_payload_runtime_flags,selector_asset,content_assets/big5/result_page_v2/agent_runs/rendered_surface_qa_revised_v0_3_normalized/selector_asset_candidates.jsonl,22,rendered_surface_qa.print_saved.privacy_boundary.v0_3,candidate_rendered_surface_qa_revised_v0_3_print_saved_privacy_selector,module_10_method_privacy.rendered_surface_qa.print_saved.privacy,state_scope_registry,public_payload,"public_payload contains runtime_use,production_use_allowed,ready_for_pilot",Keep selector public payload reader-safe: candidate ref/title/summary only; move runtime flags to provenance/replacement_policy/internal metadata.
B5-RENDERED_SURFACE_QA-0252,rendered_surface_qa,P0,selector_public_payload_runtime_flags,selector_asset,content_assets/big5/result_page_v2/agent_runs/rendered_surface_qa_revised_v0_3_normalized/selector_asset_candidates.jsonl,23,rendered_surface_qa.print_saved.summary_scope.v0_3,candidate_rendered_surface_qa_revised_v0_3_print_saved_summary_selector,module_10_method_privacy.rendered_surface_qa.print_saved.summary,state_scope_registry,public_payload,"public_payload contains runtime_use,production_use_allowed,ready_for_pilot",Keep selector public payload reader-safe: candidate ref/title/summary only; move runtime flags to provenance/replacement_policy/internal metadata.
B5-RENDERED_SURFACE_QA-0253,rendered_surface_qa,P0,selector_public_payload_runtime_flags,selector_asset,content_assets/big5/result_page_v2/agent_runs/rendered_surface_qa_revised_v0_3_normalized/selector_asset_candidates.jsonl,24,rendered_surface_qa.print_saved.issue_triage.v0_3,candidate_rendered_surface_qa_revised_v0_3_print_saved_triage_selector,module_10_method_privacy.rendered_surface_qa.print_saved.triage,state_scope_registry,public_payload,"public_payload contains runtime_use,production_use_allowed,ready_for_pilot",Keep selector public payload reader-safe: candidate ref/title/summary only; move runtime flags to provenance/replacement_policy/internal metadata.
B5-CANONICAL_PROFILES-0254,canonical_profiles,P1,quality_warning_spread,content_asset,content_assets/big5/result_page_v2/agent_runs/canonical_profiles_revised_v0_3_normalized/content_asset_candidates.jsonl,8,candidate_content_canonical_profiles_revised_v0_3_normalized_sensitive_independent_thinker_methodology_and_access_v0_3,,method_boundary.canonical_profile.sensitive_independent_thinker.methodology_and_access.revised_v0_3,,body_zh,阅读敏锐的独立思考者时，最重要的边界是：它只是帮助你整理五维结构的标签，不是身份归类。这个画像适合辅助排序，不适合当身份；若只在压力期贴近，就按阶段性线索处理。它可以帮助你理解自己的进入方式、协作偏好、压力成本和行动入口...,Quality warnings should be conditional and not spread into normal-result copy.
B5-CANONICAL_PROFILES-0255,canonical_profiles,P1,quality_warning_spread,content_asset,content_assets/big5/result_page_v2/agent_runs/canonical_profiles_revised_v0_3_normalized/content_asset_candidates.jsonl,16,candidate_content_canonical_profiles_revised_v0_3_normalized_vigilant_perfectionist_methodology_and_access_v0_3,,method_boundary.canonical_profile.vigilant_perfectionist.methodology_and_access.revised_v0_3,,body_zh,阅读戒备型完美主义者时，最重要的边界是：它只是帮助你整理五维结构的标签，不是身份归类。这个标签适合帮助你区分资源和成本，不适合把高标准解释成人格缺陷。它可以帮助你理解自己的进入方式、协作偏好、压力成本和行动入口，但不能替...,Quality warnings should be conditional and not spread into normal-result copy.
B5-CANONICAL_PROFILES-0256,canonical_profiles,P2,ai_tone_marker,content_asset,content_assets/big5/result_page_v2/agent_runs/canonical_profiles_revised_v0_3_normalized/content_asset_candidates.jsonl,20,candidate_content_canonical_profiles_revised_v0_3_normalized_complex_explorer_low_structure_facet_details_v0_3,,facet_reframe.canonical_profile.complex_explorer_low_structure.facet_details.revised_v0_3,,body_zh,细分线索的价值，在于把一个宽泛画像拆成更具体的观察。对复杂理解型探索者来说，重点看智性探索、想象、变化进入和自律启动：它们会说明你是在扩大理解，还是在延后落地。这些线索能解释同一个大维度为什么会在不同场景里呈现不同样子：...,Remove generic AI/report-template phrasing where user-visible.
B5-CANONICAL_PROFILES-0257,canonical_profiles,P1,quality_warning_spread,content_asset,content_assets/big5/result_page_v2/agent_runs/canonical_profiles_revised_v0_3_normalized/content_asset_candidates.jsonl,24,candidate_content_canonical_profiles_revised_v0_3_normalized_complex_explorer_low_structure_methodology_and_access_v0_3,,method_boundary.canonical_profile.complex_explorer_low_structure.methodology_and_access.revised_v0_3,,body_zh,阅读复杂理解型探索者时，最重要的边界是：它只是帮助你整理五维结构的标签，不是身份归类。这个标签适合解释思路展开方式，不适合用来给自律或能力下结论。它可以帮助你理解自己的进入方式、协作偏好、压力成本和行动入口，但不能替代长...,Quality warnings should be conditional and not spread into normal-result copy.
B5-CANONICAL_PROFILES-0258,canonical_profiles,P1,overstrong_profile_claim,content_asset,content_assets/big5/result_page_v2/agent_runs/canonical_profiles_revised_v0_3_normalized/content_asset_candidates.jsonl,29,candidate_content_canonical_profiles_revised_v0_3_normalized_quiet_deep_worker_core_portrait_v0_3,,coupling_cards.canonical_profile.quiet_deep_worker.core_portrait.revised_v0_3,,body_zh,稳态深工者的核心不在单个维度，而在几个维度同时工作时形成的动力。核心动力是安静与完成度的配合：当环境给足自主和清晰目标，你的稳定性会变成优势。这种组合通常会带来一个双面效果：能长期守住任务、减少浮动干扰、把复杂工作慢慢做...,"Avoid overclaiming dominance, especially near mid-range results."
B5-CANONICAL_PROFILES-0259,canonical_profiles,P1,quality_warning_spread,content_asset,content_assets/big5/result_page_v2/agent_runs/canonical_profiles_revised_v0_3_normalized/content_asset_candidates.jsonl,32,candidate_content_canonical_profiles_revised_v0_3_normalized_quiet_deep_worker_methodology_and_access_v0_3,,method_boundary.canonical_profile.quiet_deep_worker.methodology_and_access.revised_v0_3,,body_zh,阅读稳态深工者时，最重要的边界是：它只是帮助你整理五维结构的标签，不是身份归类。这个标签适合说明工作节奏，不适合把你归为只适合独处的人。它可以帮助你理解自己的进入方式、协作偏好、压力成本和行动入口，但不能替代长期观察、现...,Quality warnings should be conditional and not spread into normal-result copy.
B5-CANONICAL_PROFILES-0260,canonical_profiles,P1,overprescriptive_action,content_asset,content_assets/big5/result_page_v2/agent_runs/canonical_profiles_revised_v0_3_normalized/content_asset_candidates.jsonl,38,candidate_content_canonical_profiles_revised_v0_3_normalized_connective_coordinator_norms_comparison_v0_3,,method_boundary.canonical_profile.connective_coordinator.norms_comparison.revised_v0_3,,body_zh,参照读法的目的，是帮助你理解这个画像在当前结果中的位置感，而不是制造外部比较。对连接驱动协调者来说，参照只能帮助理解这种协作风格的相对位置，不应把善于协调等同于必须负责所有关系。当参照条件充分时，可以谨慎理解相对位置；当...,"Action advice should be low-risk, optional, and non-prescriptive."
B5-CANONICAL_PROFILES-0261,canonical_profiles,P1,quality_warning_spread,content_asset,content_assets/big5/result_page_v2/agent_runs/canonical_profiles_revised_v0_3_normalized/content_asset_candidates.jsonl,40,candidate_content_canonical_profiles_revised_v0_3_normalized_connective_coordinator_methodology_and_access_v0_3,,method_boundary.canonical_profile.connective_coordinator.methodology_and_access.revised_v0_3,,body_zh,阅读连接驱动协调者时，最重要的边界是：它只是帮助你整理五维结构的标签，不是身份归类。这个标签适合读协作方式，不适合把你固定成照顾者或团队润滑剂。它可以帮助你理解自己的进入方式、协作偏好、压力成本和行动入口，但不能替代长期...,Quality warnings should be conditional and not spread into normal-result copy.
B5-CANONICAL_PROFILES-0262,canonical_profiles,P1,quality_warning_spread,content_asset,content_assets/big5/result_page_v2/agent_runs/canonical_profiles_revised_v0_3_normalized/content_asset_candidates.jsonl,48,candidate_content_canonical_profiles_revised_v0_3_normalized_sharp_exploratory_driver_methodology_and_access_v0_3,,method_boundary.canonical_profile.sharp_exploratory_driver.methodology_and_access.revised_v0_3,,body_zh,阅读锋利探索推进者时，最重要的边界是：它只是帮助你整理五维结构的标签，不是身份归类。这个标签适合解释推进方式，不适合把直接表达解读为优越或攻击性。它可以帮助你理解自己的进入方式、协作偏好、压力成本和行动入口，但不能替代长...,Quality warnings should be conditional and not spread into normal-result copy.
B5-CANONICAL_PROFILES-0263,canonical_profiles,P1,quality_warning_spread,content_asset,content_assets/big5/result_page_v2/agent_runs/canonical_profiles_revised_v0_3_normalized/content_asset_candidates.jsonl,56,candidate_content_canonical_profiles_revised_v0_3_normalized_orderly_supporter_methodology_and_access_v0_3,,method_boundary.canonical_profile.orderly_supporter.methodology_and_access.revised_v0_3,,body_zh,阅读秩序维护型支持者时，最重要的边界是：它只是帮助你整理五维结构的标签，不是身份归类。这个标签适合解释稳定支持方式，不适合把你写成只能服从规则的人。它可以帮助你理解自己的进入方式、协作偏好、压力成本和行动入口，但不能替代...,Quality warnings should be conditional and not spread into normal-result copy.
B5-CANONICAL_PROFILES-0264,canonical_profiles,P1,quality_warning_spread,content_asset,content_assets/big5/result_page_v2/agent_runs/canonical_profiles_revised_v0_3_normalized/content_asset_candidates.jsonl,64,candidate_content_canonical_profiles_revised_v0_3_normalized_overloaded_internalizer_methodology_and_access_v0_3,,method_boundary.canonical_profile.overloaded_internalizer.methodology_and_access.revised_v0_3,,body_zh,阅读高负荷内耗型时，最重要的边界是：它只是帮助你整理五维结构的标签，不是身份归类。这个标签适合描述状态模式，不适合把你定义成脆弱或缺乏能力的人。它可以帮助你理解自己的进入方式、协作偏好、压力成本和行动入口，但不能替代长期...,Quality warnings should be conditional and not spread into normal-result copy.
B5-CANONICAL_PROFILES-0265,canonical_profiles,P0,selector_public_payload_runtime_flags,selector_asset,content_assets/big5/result_page_v2/agent_runs/canonical_profiles_revised_v0_3_normalized/selector_asset_candidates.jsonl,1,candidate_content_canonical_profiles_revised_v0_3_normalized_sensitive_independent_thinker_hero_summary_v0_3,candidate_canonical_profiles_revised_v0_3_normalized_sensitive_independent_thinker_hero_summary_selector_v0_3,hero_summary.canonical_profile.sensitive_independent_thinker.hero_summary.revised_v0_3,profile_signature_registry,public_payload,"public_payload contains runtime_use,production_use_allowed,ready_for_pilot",Keep selector public payload reader-safe: candidate ref/title/summary only; move runtime flags to provenance/replacement_policy/internal metadata.
B5-CANONICAL_PROFILES-0266,canonical_profiles,P0,selector_public_payload_runtime_flags,selector_asset,content_assets/big5/result_page_v2/agent_runs/canonical_profiles_revised_v0_3_normalized/selector_asset_candidates.jsonl,2,candidate_content_canonical_profiles_revised_v0_3_normalized_sensitive_independent_thinker_domains_overview_v0_3,candidate_canonical_profiles_revised_v0_3_normalized_sensitive_independent_thinker_domains_overview_selector_v0_3,quick_cards.canonical_profile.sensitive_independent_thinker.domains_overview.revised_v0_3,domain_registry,public_payload,"public_payload contains runtime_use,production_use_allowed,ready_for_pilot",Keep selector public payload reader-safe: candidate ref/title/summary only; move runtime flags to provenance/replacement_policy/internal metadata.
B5-CANONICAL_PROFILES-0267,canonical_profiles,P0,selector_public_payload_runtime_flags,selector_asset,content_assets/big5/result_page_v2/agent_runs/canonical_profiles_revised_v0_3_normalized/selector_asset_candidates.jsonl,3,candidate_content_canonical_profiles_revised_v0_3_normalized_sensitive_independent_thinker_domain_deep_dive_v0_3,candidate_canonical_profiles_revised_v0_3_normalized_sensitive_independent_thinker_domain_deep_dive_selector_v0_3,trait_deep_dive.canonical_profile.sensitive_independent_thinker.domain_deep_dive.revised_v0_3,domain_registry,public_payload,"public_payload contains runtime_use,production_use_allowed,ready_for_pilot",Keep selector public payload reader-safe: candidate ref/title/summary only; move runtime flags to provenance/replacement_policy/internal metadata.
B5-CANONICAL_PROFILES-0268,canonical_profiles,P0,selector_public_payload_runtime_flags,selector_asset,content_assets/big5/result_page_v2/agent_runs/canonical_profiles_revised_v0_3_normalized/selector_asset_candidates.jsonl,4,candidate_content_canonical_profiles_revised_v0_3_normalized_sensitive_independent_thinker_facet_details_v0_3,candidate_canonical_profiles_revised_v0_3_normalized_sensitive_independent_thinker_facet_details_selector_v0_3,facet_reframe.canonical_profile.sensitive_independent_thinker.facet_details.revised_v0_3,facet_pattern_registry,public_payload,"public_payload contains runtime_use,production_use_allowed,ready_for_pilot",Keep selector public payload reader-safe: candidate ref/title/summary only; move runtime flags to provenance/replacement_policy/internal metadata.
B5-CANONICAL_PROFILES-0269,canonical_profiles,P0,selector_public_payload_runtime_flags,selector_asset,content_assets/big5/result_page_v2/agent_runs/canonical_profiles_revised_v0_3_normalized/selector_asset_candidates.jsonl,5,candidate_content_canonical_profiles_revised_v0_3_normalized_sensitive_independent_thinker_core_portrait_v0_3,candidate_canonical_profiles_revised_v0_3_normalized_sensitive_independent_thinker_core_portrait_selector_v0_3,coupling_cards.canonical_profile.sensitive_independent_thinker.core_portrait.revised_v0_3,coupling_registry,public_payload,"public_payload contains runtime_use,production_use_allowed,ready_for_pilot",Keep selector public payload reader-safe: candidate ref/title/summary only; move runtime flags to provenance/replacement_policy/internal metadata.
B5-CANONICAL_PROFILES-0270,canonical_profiles,P0,selector_public_payload_runtime_flags,selector_asset,content_assets/big5/result_page_v2/agent_runs/canonical_profiles_revised_v0_3_normalized/selector_asset_candidates.jsonl,6,candidate_content_canonical_profiles_revised_v0_3_normalized_sensitive_independent_thinker_norms_comparison_v0_3,candidate_canonical_profiles_revised_v0_3_normalized_sensitive_independent_thinker_norms_comparison_selector_v0_3,method_boundary.canonical_profile.sensitive_independent_thinker.norms_comparison.revised_v0_3,method_registry,public_payload,"public_payload contains runtime_use,production_use_allowed,ready_for_pilot",Keep selector public payload reader-safe: candidate ref/title/summary only; move runtime flags to provenance/replacement_policy/internal metadata.
B5-CANONICAL_PROFILES-0271,canonical_profiles,P0,selector_public_payload_runtime_flags,selector_asset,content_assets/big5/result_page_v2/agent_runs/canonical_profiles_revised_v0_3_normalized/selector_asset_candidates.jsonl,7,candidate_content_canonical_profiles_revised_v0_3_normalized_sensitive_independent_thinker_action_plan_v0_3,candidate_canonical_profiles_revised_v0_3_normalized_sensitive_independent_thinker_action_plan_selector_v0_3,application_matrix.canonical_profile.sensitive_independent_thinker.action_plan.revised_v0_3,action_plan_registry,public_payload,"public_payload contains runtime_use,production_use_allowed,ready_for_pilot",Keep selector public payload reader-safe: candidate ref/title/summary only; move runtime flags to provenance/replacement_policy/internal metadata.
B5-CANONICAL_PROFILES-0272,canonical_profiles,P0,selector_public_payload_runtime_flags,selector_asset,content_assets/big5/result_page_v2/agent_runs/canonical_profiles_revised_v0_3_normalized/selector_asset_candidates.jsonl,8,candidate_content_canonical_profiles_revised_v0_3_normalized_sensitive_independent_thinker_methodology_and_access_v0_3,candidate_canonical_profiles_revised_v0_3_normalized_sensitive_independent_thinker_methodology_and_access_selector_v0_3,method_boundary.canonical_profile.sensitive_independent_thinker.methodology_and_access.revised_v0_3,method_registry,public_payload,"public_payload contains runtime_use,production_use_allowed,ready_for_pilot",Keep selector public payload reader-safe: candidate ref/title/summary only; move runtime flags to provenance/replacement_policy/internal metadata.
B5-CANONICAL_PROFILES-0273,canonical_profiles,P0,selector_public_payload_runtime_flags,selector_asset,content_assets/big5/result_page_v2/agent_runs/canonical_profiles_revised_v0_3_normalized/selector_asset_candidates.jsonl,9,candidate_content_canonical_profiles_revised_v0_3_normalized_vigilant_perfectionist_hero_summary_v0_3,candidate_canonical_profiles_revised_v0_3_normalized_vigilant_perfectionist_hero_summary_selector_v0_3,hero_summary.canonical_profile.vigilant_perfectionist.hero_summary.revised_v0_3,profile_signature_registry,public_payload,"public_payload contains runtime_use,production_use_allowed,ready_for_pilot",Keep selector public payload reader-safe: candidate ref/title/summary only; move runtime flags to provenance/replacement_policy/internal metadata.
B5-CANONICAL_PROFILES-0274,canonical_profiles,P0,selector_public_payload_runtime_flags,selector_asset,content_assets/big5/result_page_v2/agent_runs/canonical_profiles_revised_v0_3_normalized/selector_asset_candidates.jsonl,10,candidate_content_canonical_profiles_revised_v0_3_normalized_vigilant_perfectionist_domains_overview_v0_3,candidate_canonical_profiles_revised_v0_3_normalized_vigilant_perfectionist_domains_overview_selector_v0_3,quick_cards.canonical_profile.vigilant_perfectionist.domains_overview.revised_v0_3,domain_registry,public_payload,"public_payload contains runtime_use,production_use_allowed,ready_for_pilot",Keep selector public payload reader-safe: candidate ref/title/summary only; move runtime flags to provenance/replacement_policy/internal metadata.
B5-CANONICAL_PROFILES-0275,canonical_profiles,P0,selector_public_payload_runtime_flags,selector_asset,content_assets/big5/result_page_v2/agent_runs/canonical_profiles_revised_v0_3_normalized/selector_asset_candidates.jsonl,11,candidate_content_canonical_profiles_revised_v0_3_normalized_vigilant_perfectionist_domain_deep_dive_v0_3,candidate_canonical_profiles_revised_v0_3_normalized_vigilant_perfectionist_domain_deep_dive_selector_v0_3,trait_deep_dive.canonical_profile.vigilant_perfectionist.domain_deep_dive.revised_v0_3,domain_registry,public_payload,"public_payload contains runtime_use,production_use_allowed,ready_for_pilot",Keep selector public payload reader-safe: candidate ref/title/summary only; move runtime flags to provenance/replacement_policy/internal metadata.
B5-CANONICAL_PROFILES-0276,canonical_profiles,P0,selector_public_payload_runtime_flags,selector_asset,content_assets/big5/result_page_v2/agent_runs/canonical_profiles_revised_v0_3_normalized/selector_asset_candidates.jsonl,12,candidate_content_canonical_profiles_revised_v0_3_normalized_vigilant_perfectionist_facet_details_v0_3,candidate_canonical_profiles_revised_v0_3_normalized_vigilant_perfectionist_facet_details_selector_v0_3,facet_reframe.canonical_profile.vigilant_perfectionist.facet_details.revised_v0_3,facet_pattern_registry,public_payload,"public_payload contains runtime_use,production_use_allowed,ready_for_pilot",Keep selector public payload reader-safe: candidate ref/title/summary only; move runtime flags to provenance/replacement_policy/internal metadata.
B5-CANONICAL_PROFILES-0277,canonical_profiles,P0,selector_public_payload_runtime_flags,selector_asset,content_assets/big5/result_page_v2/agent_runs/canonical_profiles_revised_v0_3_normalized/selector_asset_candidates.jsonl,13,candidate_content_canonical_profiles_revised_v0_3_normalized_vigilant_perfectionist_core_portrait_v0_3,candidate_canonical_profiles_revised_v0_3_normalized_vigilant_perfectionist_core_portrait_selector_v0_3,coupling_cards.canonical_profile.vigilant_perfectionist.core_portrait.revised_v0_3,coupling_registry,public_payload,"public_payload contains runtime_use,production_use_allowed,ready_for_pilot",Keep selector public payload reader-safe: candidate ref/title/summary only; move runtime flags to provenance/replacement_policy/internal metadata.
B5-CANONICAL_PROFILES-0278,canonical_profiles,P0,selector_public_payload_runtime_flags,selector_asset,content_assets/big5/result_page_v2/agent_runs/canonical_profiles_revised_v0_3_normalized/selector_asset_candidates.jsonl,14,candidate_content_canonical_profiles_revised_v0_3_normalized_vigilant_perfectionist_norms_comparison_v0_3,candidate_canonical_profiles_revised_v0_3_normalized_vigilant_perfectionist_norms_comparison_selector_v0_3,method_boundary.canonical_profile.vigilant_perfectionist.norms_comparison.revised_v0_3,method_registry,public_payload,"public_payload contains runtime_use,production_use_allowed,ready_for_pilot",Keep selector public payload reader-safe: candidate ref/title/summary only; move runtime flags to provenance/replacement_policy/internal metadata.
B5-CANONICAL_PROFILES-0279,canonical_profiles,P0,selector_public_payload_runtime_flags,selector_asset,content_assets/big5/result_page_v2/agent_runs/canonical_profiles_revised_v0_3_normalized/selector_asset_candidates.jsonl,15,candidate_content_canonical_profiles_revised_v0_3_normalized_vigilant_perfectionist_action_plan_v0_3,candidate_canonical_profiles_revised_v0_3_normalized_vigilant_perfectionist_action_plan_selector_v0_3,application_matrix.canonical_profile.vigilant_perfectionist.action_plan.revised_v0_3,action_plan_registry,public_payload,"public_payload contains runtime_use,production_use_allowed,ready_for_pilot",Keep selector public payload reader-safe: candidate ref/title/summary only; move runtime flags to provenance/replacement_policy/internal metadata.
B5-CANONICAL_PROFILES-0280,canonical_profiles,P0,selector_public_payload_runtime_flags,selector_asset,content_assets/big5/result_page_v2/agent_runs/canonical_profiles_revised_v0_3_normalized/selector_asset_candidates.jsonl,16,candidate_content_canonical_profiles_revised_v0_3_normalized_vigilant_perfectionist_methodology_and_access_v0_3,candidate_canonical_profiles_revised_v0_3_normalized_vigilant_perfectionist_methodology_and_access_selector_v0_3,method_boundary.canonical_profile.vigilant_perfectionist.methodology_and_access.revised_v0_3,method_registry,public_payload,"public_payload contains runtime_use,production_use_allowed,ready_for_pilot",Keep selector public payload reader-safe: candidate ref/title/summary only; move runtime flags to provenance/replacement_policy/internal metadata.
B5-CANONICAL_PROFILES-0281,canonical_profiles,P0,selector_public_payload_runtime_flags,selector_asset,content_assets/big5/result_page_v2/agent_runs/canonical_profiles_revised_v0_3_normalized/selector_asset_candidates.jsonl,17,candidate_content_canonical_profiles_revised_v0_3_normalized_complex_explorer_low_structure_hero_summary_v0_3,candidate_canonical_profiles_revised_v0_3_normalized_complex_explorer_low_structure_hero_summary_selector_v0_3,hero_summary.canonical_profile.complex_explorer_low_structure.hero_summary.revised_v0_3,profile_signature_registry,public_payload,"public_payload contains runtime_use,production_use_allowed,ready_for_pilot",Keep selector public payload reader-safe: candidate ref/title/summary only; move runtime flags to provenance/replacement_policy/internal metadata.
B5-CANONICAL_PROFILES-0282,canonical_profiles,P0,selector_public_payload_runtime_flags,selector_asset,content_assets/big5/result_page_v2/agent_runs/canonical_profiles_revised_v0_3_normalized/selector_asset_candidates.jsonl,18,candidate_content_canonical_profiles_revised_v0_3_normalized_complex_explorer_low_structure_domains_overview_v0_3,candidate_canonical_profiles_revised_v0_3_normalized_complex_explorer_low_structure_domains_overview_selector_v0_3,quick_cards.canonical_profile.complex_explorer_low_structure.domains_overview.revised_v0_3,domain_registry,public_payload,"public_payload contains runtime_use,production_use_allowed,ready_for_pilot",Keep selector public payload reader-safe: candidate ref/title/summary only; move runtime flags to provenance/replacement_policy/internal metadata.
B5-CANONICAL_PROFILES-0283,canonical_profiles,P0,selector_public_payload_runtime_flags,selector_asset,content_assets/big5/result_page_v2/agent_runs/canonical_profiles_revised_v0_3_normalized/selector_asset_candidates.jsonl,19,candidate_content_canonical_profiles_revised_v0_3_normalized_complex_explorer_low_structure_domain_deep_dive_v0_3,candidate_canonical_profiles_revised_v0_3_normalized_complex_explorer_low_structure_domain_deep_dive_selector_v0_3,trait_deep_dive.canonical_profile.complex_explorer_low_structure.domain_deep_dive.revised_v0_3,domain_registry,public_payload,"public_payload contains runtime_use,production_use_allowed,ready_for_pilot",Keep selector public payload reader-safe: candidate ref/title/summary only; move runtime flags to provenance/replacement_policy/internal metadata.
B5-CANONICAL_PROFILES-0284,canonical_profiles,P0,selector_public_payload_runtime_flags,selector_asset,content_assets/big5/result_page_v2/agent_runs/canonical_profiles_revised_v0_3_normalized/selector_asset_candidates.jsonl,20,candidate_content_canonical_profiles_revised_v0_3_normalized_complex_explorer_low_structure_facet_details_v0_3,candidate_canonical_profiles_revised_v0_3_normalized_complex_explorer_low_structure_facet_details_selector_v0_3,facet_reframe.canonical_profile.complex_explorer_low_structure.facet_details.revised_v0_3,facet_pattern_registry,public_payload,"public_payload contains runtime_use,production_use_allowed,ready_for_pilot",Keep selector public payload reader-safe: candidate ref/title/summary only; move runtime flags to provenance/replacement_policy/internal metadata.
B5-CANONICAL_PROFILES-0285,canonical_profiles,P0,selector_public_payload_runtime_flags,selector_asset,content_assets/big5/result_page_v2/agent_runs/canonical_profiles_revised_v0_3_normalized/selector_asset_candidates.jsonl,21,candidate_content_canonical_profiles_revised_v0_3_normalized_complex_explorer_low_structure_core_portrait_v0_3,candidate_canonical_profiles_revised_v0_3_normalized_complex_explorer_low_structure_core_portrait_selector_v0_3,coupling_cards.canonical_profile.complex_explorer_low_structure.core_portrait.revised_v0_3,coupling_registry,public_payload,"public_payload contains runtime_use,production_use_allowed,ready_for_pilot",Keep selector public payload reader-safe: candidate ref/title/summary only; move runtime flags to provenance/replacement_policy/internal metadata.
B5-CANONICAL_PROFILES-0286,canonical_profiles,P0,selector_public_payload_runtime_flags,selector_asset,content_assets/big5/result_page_v2/agent_runs/canonical_profiles_revised_v0_3_normalized/selector_asset_candidates.jsonl,22,candidate_content_canonical_profiles_revised_v0_3_normalized_complex_explorer_low_structure_norms_comparison_v0_3,candidate_canonical_profiles_revised_v0_3_normalized_complex_explorer_low_structure_norms_comparison_selector_v0_3,method_boundary.canonical_profile.complex_explorer_low_structure.norms_comparison.revised_v0_3,method_registry,public_payload,"public_payload contains runtime_use,production_use_allowed,ready_for_pilot",Keep selector public payload reader-safe: candidate ref/title/summary only; move runtime flags to provenance/replacement_policy/internal metadata.
B5-CANONICAL_PROFILES-0287,canonical_profiles,P0,selector_public_payload_runtime_flags,selector_asset,content_assets/big5/result_page_v2/agent_runs/canonical_profiles_revised_v0_3_normalized/selector_asset_candidates.jsonl,23,candidate_content_canonical_profiles_revised_v0_3_normalized_complex_explorer_low_structure_action_plan_v0_3,candidate_canonical_profiles_revised_v0_3_normalized_complex_explorer_low_structure_action_plan_selector_v0_3,application_matrix.canonical_profile.complex_explorer_low_structure.action_plan.revised_v0_3,action_plan_registry,public_payload,"public_payload contains runtime_use,production_use_allowed,ready_for_pilot",Keep selector public payload reader-safe: candidate ref/title/summary only; move runtime flags to provenance/replacement_policy/internal metadata.
B5-CANONICAL_PROFILES-0288,canonical_profiles,P0,selector_public_payload_runtime_flags,selector_asset,content_assets/big5/result_page_v2/agent_runs/canonical_profiles_revised_v0_3_normalized/selector_asset_candidates.jsonl,24,candidate_content_canonical_profiles_revised_v0_3_normalized_complex_explorer_low_structure_methodology_and_access_v0_3,candidate_canonical_profiles_revised_v0_3_normalized_complex_explorer_low_structure_methodology_and_access_selector_v0_3,method_boundary.canonical_profile.complex_explorer_low_structure.methodology_and_access.revised_v0_3,method_registry,public_payload,"public_payload contains runtime_use,production_use_allowed,ready_for_pilot",Keep selector public payload reader-safe: candidate ref/title/summary only; move runtime flags to provenance/replacement_policy/internal metadata.
B5-CANONICAL_PROFILES-0289,canonical_profiles,P0,selector_public_payload_runtime_flags,selector_asset,content_assets/big5/result_page_v2/agent_runs/canonical_profiles_revised_v0_3_normalized/selector_asset_candidates.jsonl,25,candidate_content_canonical_profiles_revised_v0_3_normalized_quiet_deep_worker_hero_summary_v0_3,candidate_canonical_profiles_revised_v0_3_normalized_quiet_deep_worker_hero_summary_selector_v0_3,hero_summary.canonical_profile.quiet_deep_worker.hero_summary.revised_v0_3,profile_signature_registry,public_payload,"public_payload contains runtime_use,production_use_allowed,ready_for_pilot",Keep selector public payload reader-safe: candidate ref/title/summary only; move runtime flags to provenance/replacement_policy/internal metadata.
B5-CANONICAL_PROFILES-0290,canonical_profiles,P0,selector_public_payload_runtime_flags,selector_asset,content_assets/big5/result_page_v2/agent_runs/canonical_profiles_revised_v0_3_normalized/selector_asset_candidates.jsonl,26,candidate_content_canonical_profiles_revised_v0_3_normalized_quiet_deep_worker_domains_overview_v0_3,candidate_canonical_profiles_revised_v0_3_normalized_quiet_deep_worker_domains_overview_selector_v0_3,quick_cards.canonical_profile.quiet_deep_worker.domains_overview.revised_v0_3,domain_registry,public_payload,"public_payload contains runtime_use,production_use_allowed,ready_for_pilot",Keep selector public payload reader-safe: candidate ref/title/summary only; move runtime flags to provenance/replacement_policy/internal metadata.
B5-CANONICAL_PROFILES-0291,canonical_profiles,P0,selector_public_payload_runtime_flags,selector_asset,content_assets/big5/result_page_v2/agent_runs/canonical_profiles_revised_v0_3_normalized/selector_asset_candidates.jsonl,27,candidate_content_canonical_profiles_revised_v0_3_normalized_quiet_deep_worker_domain_deep_dive_v0_3,candidate_canonical_profiles_revised_v0_3_normalized_quiet_deep_worker_domain_deep_dive_selector_v0_3,trait_deep_dive.canonical_profile.quiet_deep_worker.domain_deep_dive.revised_v0_3,domain_registry,public_payload,"public_payload contains runtime_use,production_use_allowed,ready_for_pilot",Keep selector public payload reader-safe: candidate ref/title/summary only; move runtime flags to provenance/replacement_policy/internal metadata.
B5-CANONICAL_PROFILES-0292,canonical_profiles,P0,selector_public_payload_runtime_flags,selector_asset,content_assets/big5/result_page_v2/agent_runs/canonical_profiles_revised_v0_3_normalized/selector_asset_candidates.jsonl,28,candidate_content_canonical_profiles_revised_v0_3_normalized_quiet_deep_worker_facet_details_v0_3,candidate_canonical_profiles_revised_v0_3_normalized_quiet_deep_worker_facet_details_selector_v0_3,facet_reframe.canonical_profile.quiet_deep_worker.facet_details.revised_v0_3,facet_pattern_registry,public_payload,"public_payload contains runtime_use,production_use_allowed,ready_for_pilot",Keep selector public payload reader-safe: candidate ref/title/summary only; move runtime flags to provenance/replacement_policy/internal metadata.
B5-CANONICAL_PROFILES-0293,canonical_profiles,P0,selector_public_payload_runtime_flags,selector_asset,content_assets/big5/result_page_v2/agent_runs/canonical_profiles_revised_v0_3_normalized/selector_asset_candidates.jsonl,29,candidate_content_canonical_profiles_revised_v0_3_normalized_quiet_deep_worker_core_portrait_v0_3,candidate_canonical_profiles_revised_v0_3_normalized_quiet_deep_worker_core_portrait_selector_v0_3,coupling_cards.canonical_profile.quiet_deep_worker.core_portrait.revised_v0_3,coupling_registry,public_payload,"public_payload contains runtime_use,production_use_allowed,ready_for_pilot",Keep selector public payload reader-safe: candidate ref/title/summary only; move runtime flags to provenance/replacement_policy/internal metadata.
B5-CANONICAL_PROFILES-0294,canonical_profiles,P0,selector_public_payload_runtime_flags,selector_asset,content_assets/big5/result_page_v2/agent_runs/canonical_profiles_revised_v0_3_normalized/selector_asset_candidates.jsonl,30,candidate_content_canonical_profiles_revised_v0_3_normalized_quiet_deep_worker_norms_comparison_v0_3,candidate_canonical_profiles_revised_v0_3_normalized_quiet_deep_worker_norms_comparison_selector_v0_3,method_boundary.canonical_profile.quiet_deep_worker.norms_comparison.revised_v0_3,method_registry,public_payload,"public_payload contains runtime_use,production_use_allowed,ready_for_pilot",Keep selector public payload reader-safe: candidate ref/title/summary only; move runtime flags to provenance/replacement_policy/internal metadata.
B5-CANONICAL_PROFILES-0295,canonical_profiles,P0,selector_public_payload_runtime_flags,selector_asset,content_assets/big5/result_page_v2/agent_runs/canonical_profiles_revised_v0_3_normalized/selector_asset_candidates.jsonl,31,candidate_content_canonical_profiles_revised_v0_3_normalized_quiet_deep_worker_action_plan_v0_3,candidate_canonical_profiles_revised_v0_3_normalized_quiet_deep_worker_action_plan_selector_v0_3,application_matrix.canonical_profile.quiet_deep_worker.action_plan.revised_v0_3,action_plan_registry,public_payload,"public_payload contains runtime_use,production_use_allowed,ready_for_pilot",Keep selector public payload reader-safe: candidate ref/title/summary only; move runtime flags to provenance/replacement_policy/internal metadata.
B5-CANONICAL_PROFILES-0296,canonical_profiles,P0,selector_public_payload_runtime_flags,selector_asset,content_assets/big5/result_page_v2/agent_runs/canonical_profiles_revised_v0_3_normalized/selector_asset_candidates.jsonl,32,candidate_content_canonical_profiles_revised_v0_3_normalized_quiet_deep_worker_methodology_and_access_v0_3,candidate_canonical_profiles_revised_v0_3_normalized_quiet_deep_worker_methodology_and_access_selector_v0_3,method_boundary.canonical_profile.quiet_deep_worker.methodology_and_access.revised_v0_3,method_registry,public_payload,"public_payload contains runtime_use,production_use_allowed,ready_for_pilot",Keep selector public payload reader-safe: candidate ref/title/summary only; move runtime flags to provenance/replacement_policy/internal metadata.
B5-CANONICAL_PROFILES-0297,canonical_profiles,P0,selector_public_payload_runtime_flags,selector_asset,content_assets/big5/result_page_v2/agent_runs/canonical_profiles_revised_v0_3_normalized/selector_asset_candidates.jsonl,33,candidate_content_canonical_profiles_revised_v0_3_normalized_connective_coordinator_hero_summary_v0_3,candidate_canonical_profiles_revised_v0_3_normalized_connective_coordinator_hero_summary_selector_v0_3,hero_summary.canonical_profile.connective_coordinator.hero_summary.revised_v0_3,profile_signature_registry,public_payload,"public_payload contains runtime_use,production_use_allowed,ready_for_pilot",Keep selector public payload reader-safe: candidate ref/title/summary only; move runtime flags to provenance/replacement_policy/internal metadata.
B5-CANONICAL_PROFILES-0298,canonical_profiles,P0,selector_public_payload_runtime_flags,selector_asset,content_assets/big5/result_page_v2/agent_runs/canonical_profiles_revised_v0_3_normalized/selector_asset_candidates.jsonl,34,candidate_content_canonical_profiles_revised_v0_3_normalized_connective_coordinator_domains_overview_v0_3,candidate_canonical_profiles_revised_v0_3_normalized_connective_coordinator_domains_overview_selector_v0_3,quick_cards.canonical_profile.connective_coordinator.domains_overview.revised_v0_3,domain_registry,public_payload,"public_payload contains runtime_use,production_use_allowed,ready_for_pilot",Keep selector public payload reader-safe: candidate ref/title/summary only; move runtime flags to provenance/replacement_policy/internal metadata.
B5-CANONICAL_PROFILES-0299,canonical_profiles,P0,selector_public_payload_runtime_flags,selector_asset,content_assets/big5/result_page_v2/agent_runs/canonical_profiles_revised_v0_3_normalized/selector_asset_candidates.jsonl,35,candidate_content_canonical_profiles_revised_v0_3_normalized_connective_coordinator_domain_deep_dive_v0_3,candidate_canonical_profiles_revised_v0_3_normalized_connective_coordinator_domain_deep_dive_selector_v0_3,trait_deep_dive.canonical_profile.connective_coordinator.domain_deep_dive.revised_v0_3,domain_registry,public_payload,"public_payload contains runtime_use,production_use_allowed,ready_for_pilot",Keep selector public payload reader-safe: candidate ref/title/summary only; move runtime flags to provenance/replacement_policy/internal metadata.
B5-CANONICAL_PROFILES-0300,canonical_profiles,P0,selector_public_payload_runtime_flags,selector_asset,content_assets/big5/result_page_v2/agent_runs/canonical_profiles_revised_v0_3_normalized/selector_asset_candidates.jsonl,36,candidate_content_canonical_profiles_revised_v0_3_normalized_connective_coordinator_facet_details_v0_3,candidate_canonical_profiles_revised_v0_3_normalized_connective_coordinator_facet_details_selector_v0_3,facet_reframe.canonical_profile.connective_coordinator.facet_details.revised_v0_3,facet_pattern_registry,public_payload,"public_payload contains runtime_use,production_use_allowed,ready_for_pilot",Keep selector public payload reader-safe: candidate ref/title/summary only; move runtime flags to provenance/replacement_policy/internal metadata.
B5-CANONICAL_PROFILES-0301,canonical_profiles,P0,selector_public_payload_runtime_flags,selector_asset,content_assets/big5/result_page_v2/agent_runs/canonical_profiles_revised_v0_3_normalized/selector_asset_candidates.jsonl,37,candidate_content_canonical_profiles_revised_v0_3_normalized_connective_coordinator_core_portrait_v0_3,candidate_canonical_profiles_revised_v0_3_normalized_connective_coordinator_core_portrait_selector_v0_3,coupling_cards.canonical_profile.connective_coordinator.core_portrait.revised_v0_3,coupling_registry,public_payload,"public_payload contains runtime_use,production_use_allowed,ready_for_pilot",Keep selector public payload reader-safe: candidate ref/title/summary only; move runtime flags to provenance/replacement_policy/internal metadata.
B5-CANONICAL_PROFILES-0302,canonical_profiles,P0,selector_public_payload_runtime_flags,selector_asset,content_assets/big5/result_page_v2/agent_runs/canonical_profiles_revised_v0_3_normalized/selector_asset_candidates.jsonl,38,candidate_content_canonical_profiles_revised_v0_3_normalized_connective_coordinator_norms_comparison_v0_3,candidate_canonical_profiles_revised_v0_3_normalized_connective_coordinator_norms_comparison_selector_v0_3,method_boundary.canonical_profile.connective_coordinator.norms_comparison.revised_v0_3,method_registry,public_payload,"public_payload contains runtime_use,production_use_allowed,ready_for_pilot",Keep selector public payload reader-safe: candidate ref/title/summary only; move runtime flags to provenance/replacement_policy/internal metadata.
B5-CANONICAL_PROFILES-0303,canonical_profiles,P0,selector_public_payload_runtime_flags,selector_asset,content_assets/big5/result_page_v2/agent_runs/canonical_profiles_revised_v0_3_normalized/selector_asset_candidates.jsonl,39,candidate_content_canonical_profiles_revised_v0_3_normalized_connective_coordinator_action_plan_v0_3,candidate_canonical_profiles_revised_v0_3_normalized_connective_coordinator_action_plan_selector_v0_3,application_matrix.canonical_profile.connective_coordinator.action_plan.revised_v0_3,action_plan_registry,public_payload,"public_payload contains runtime_use,production_use_allowed,ready_for_pilot",Keep selector public payload reader-safe: candidate ref/title/summary only; move runtime flags to provenance/replacement_policy/internal metadata.
B5-CANONICAL_PROFILES-0304,canonical_profiles,P0,selector_public_payload_runtime_flags,selector_asset,content_assets/big5/result_page_v2/agent_runs/canonical_profiles_revised_v0_3_normalized/selector_asset_candidates.jsonl,40,candidate_content_canonical_profiles_revised_v0_3_normalized_connective_coordinator_methodology_and_access_v0_3,candidate_canonical_profiles_revised_v0_3_normalized_connective_coordinator_methodology_and_access_selector_v0_3,method_boundary.canonical_profile.connective_coordinator.methodology_and_access.revised_v0_3,method_registry,public_payload,"public_payload contains runtime_use,production_use_allowed,ready_for_pilot",Keep selector public payload reader-safe: candidate ref/title/summary only; move runtime flags to provenance/replacement_policy/internal metadata.
B5-CANONICAL_PROFILES-0305,canonical_profiles,P0,selector_public_payload_runtime_flags,selector_asset,content_assets/big5/result_page_v2/agent_runs/canonical_profiles_revised_v0_3_normalized/selector_asset_candidates.jsonl,41,candidate_content_canonical_profiles_revised_v0_3_normalized_sharp_exploratory_driver_hero_summary_v0_3,candidate_canonical_profiles_revised_v0_3_normalized_sharp_exploratory_driver_hero_summary_selector_v0_3,hero_summary.canonical_profile.sharp_exploratory_driver.hero_summary.revised_v0_3,profile_signature_registry,public_payload,"public_payload contains runtime_use,production_use_allowed,ready_for_pilot",Keep selector public payload reader-safe: candidate ref/title/summary only; move runtime flags to provenance/replacement_policy/internal metadata.
B5-CANONICAL_PROFILES-0306,canonical_profiles,P0,selector_public_payload_runtime_flags,selector_asset,content_assets/big5/result_page_v2/agent_runs/canonical_profiles_revised_v0_3_normalized/selector_asset_candidates.jsonl,42,candidate_content_canonical_profiles_revised_v0_3_normalized_sharp_exploratory_driver_domains_overview_v0_3,candidate_canonical_profiles_revised_v0_3_normalized_sharp_exploratory_driver_domains_overview_selector_v0_3,quick_cards.canonical_profile.sharp_exploratory_driver.domains_overview.revised_v0_3,domain_registry,public_payload,"public_payload contains runtime_use,production_use_allowed,ready_for_pilot",Keep selector public payload reader-safe: candidate ref/title/summary only; move runtime flags to provenance/replacement_policy/internal metadata.
B5-CANONICAL_PROFILES-0307,canonical_profiles,P0,selector_public_payload_runtime_flags,selector_asset,content_assets/big5/result_page_v2/agent_runs/canonical_profiles_revised_v0_3_normalized/selector_asset_candidates.jsonl,43,candidate_content_canonical_profiles_revised_v0_3_normalized_sharp_exploratory_driver_domain_deep_dive_v0_3,candidate_canonical_profiles_revised_v0_3_normalized_sharp_exploratory_driver_domain_deep_dive_selector_v0_3,trait_deep_dive.canonical_profile.sharp_exploratory_driver.domain_deep_dive.revised_v0_3,domain_registry,public_payload,"public_payload contains runtime_use,production_use_allowed,ready_for_pilot",Keep selector public payload reader-safe: candidate ref/title/summary only; move runtime flags to provenance/replacement_policy/internal metadata.
B5-CANONICAL_PROFILES-0308,canonical_profiles,P0,selector_public_payload_runtime_flags,selector_asset,content_assets/big5/result_page_v2/agent_runs/canonical_profiles_revised_v0_3_normalized/selector_asset_candidates.jsonl,44,candidate_content_canonical_profiles_revised_v0_3_normalized_sharp_exploratory_driver_facet_details_v0_3,candidate_canonical_profiles_revised_v0_3_normalized_sharp_exploratory_driver_facet_details_selector_v0_3,facet_reframe.canonical_profile.sharp_exploratory_driver.facet_details.revised_v0_3,facet_pattern_registry,public_payload,"public_payload contains runtime_use,production_use_allowed,ready_for_pilot",Keep selector public payload reader-safe: candidate ref/title/summary only; move runtime flags to provenance/replacement_policy/internal metadata.
B5-CANONICAL_PROFILES-0309,canonical_profiles,P0,selector_public_payload_runtime_flags,selector_asset,content_assets/big5/result_page_v2/agent_runs/canonical_profiles_revised_v0_3_normalized/selector_asset_candidates.jsonl,45,candidate_content_canonical_profiles_revised_v0_3_normalized_sharp_exploratory_driver_core_portrait_v0_3,candidate_canonical_profiles_revised_v0_3_normalized_sharp_exploratory_driver_core_portrait_selector_v0_3,coupling_cards.canonical_profile.sharp_exploratory_driver.core_portrait.revised_v0_3,coupling_registry,public_payload,"public_payload contains runtime_use,production_use_allowed,ready_for_pilot",Keep selector public payload reader-safe: candidate ref/title/summary only; move runtime flags to provenance/replacement_policy/internal metadata.
B5-CANONICAL_PROFILES-0310,canonical_profiles,P0,selector_public_payload_runtime_flags,selector_asset,content_assets/big5/result_page_v2/agent_runs/canonical_profiles_revised_v0_3_normalized/selector_asset_candidates.jsonl,46,candidate_content_canonical_profiles_revised_v0_3_normalized_sharp_exploratory_driver_norms_comparison_v0_3,candidate_canonical_profiles_revised_v0_3_normalized_sharp_exploratory_driver_norms_comparison_selector_v0_3,method_boundary.canonical_profile.sharp_exploratory_driver.norms_comparison.revised_v0_3,method_registry,public_payload,"public_payload contains runtime_use,production_use_allowed,ready_for_pilot",Keep selector public payload reader-safe: candidate ref/title/summary only; move runtime flags to provenance/replacement_policy/internal metadata.
B5-CANONICAL_PROFILES-0311,canonical_profiles,P0,selector_public_payload_runtime_flags,selector_asset,content_assets/big5/result_page_v2/agent_runs/canonical_profiles_revised_v0_3_normalized/selector_asset_candidates.jsonl,47,candidate_content_canonical_profiles_revised_v0_3_normalized_sharp_exploratory_driver_action_plan_v0_3,candidate_canonical_profiles_revised_v0_3_normalized_sharp_exploratory_driver_action_plan_selector_v0_3,application_matrix.canonical_profile.sharp_exploratory_driver.action_plan.revised_v0_3,action_plan_registry,public_payload,"public_payload contains runtime_use,production_use_allowed,ready_for_pilot",Keep selector public payload reader-safe: candidate ref/title/summary only; move runtime flags to provenance/replacement_policy/internal metadata.
B5-CANONICAL_PROFILES-0312,canonical_profiles,P0,selector_public_payload_runtime_flags,selector_asset,content_assets/big5/result_page_v2/agent_runs/canonical_profiles_revised_v0_3_normalized/selector_asset_candidates.jsonl,48,candidate_content_canonical_profiles_revised_v0_3_normalized_sharp_exploratory_driver_methodology_and_access_v0_3,candidate_canonical_profiles_revised_v0_3_normalized_sharp_exploratory_driver_methodology_and_access_selector_v0_3,method_boundary.canonical_profile.sharp_exploratory_driver.methodology_and_access.revised_v0_3,method_registry,public_payload,"public_payload contains runtime_use,production_use_allowed,ready_for_pilot",Keep selector public payload reader-safe: candidate ref/title/summary only; move runtime flags to provenance/replacement_policy/internal metadata.
B5-CANONICAL_PROFILES-0313,canonical_profiles,P0,selector_public_payload_runtime_flags,selector_asset,content_assets/big5/result_page_v2/agent_runs/canonical_profiles_revised_v0_3_normalized/selector_asset_candidates.jsonl,49,candidate_content_canonical_profiles_revised_v0_3_normalized_orderly_supporter_hero_summary_v0_3,candidate_canonical_profiles_revised_v0_3_normalized_orderly_supporter_hero_summary_selector_v0_3,hero_summary.canonical_profile.orderly_supporter.hero_summary.revised_v0_3,profile_signature_registry,public_payload,"public_payload contains runtime_use,production_use_allowed,ready_for_pilot",Keep selector public payload reader-safe: candidate ref/title/summary only; move runtime flags to provenance/replacement_policy/internal metadata.
B5-CANONICAL_PROFILES-0314,canonical_profiles,P0,selector_public_payload_runtime_flags,selector_asset,content_assets/big5/result_page_v2/agent_runs/canonical_profiles_revised_v0_3_normalized/selector_asset_candidates.jsonl,50,candidate_content_canonical_profiles_revised_v0_3_normalized_orderly_supporter_domains_overview_v0_3,candidate_canonical_profiles_revised_v0_3_normalized_orderly_supporter_domains_overview_selector_v0_3,quick_cards.canonical_profile.orderly_supporter.domains_overview.revised_v0_3,domain_registry,public_payload,"public_payload contains runtime_use,production_use_allowed,ready_for_pilot",Keep selector public payload reader-safe: candidate ref/title/summary only; move runtime flags to provenance/replacement_policy/internal metadata.
B5-CANONICAL_PROFILES-0315,canonical_profiles,P0,selector_public_payload_runtime_flags,selector_asset,content_assets/big5/result_page_v2/agent_runs/canonical_profiles_revised_v0_3_normalized/selector_asset_candidates.jsonl,51,candidate_content_canonical_profiles_revised_v0_3_normalized_orderly_supporter_domain_deep_dive_v0_3,candidate_canonical_profiles_revised_v0_3_normalized_orderly_supporter_domain_deep_dive_selector_v0_3,trait_deep_dive.canonical_profile.orderly_supporter.domain_deep_dive.revised_v0_3,domain_registry,public_payload,"public_payload contains runtime_use,production_use_allowed,ready_for_pilot",Keep selector public payload reader-safe: candidate ref/title/summary only; move runtime flags to provenance/replacement_policy/internal metadata.
B5-CANONICAL_PROFILES-0316,canonical_profiles,P0,selector_public_payload_runtime_flags,selector_asset,content_assets/big5/result_page_v2/agent_runs/canonical_profiles_revised_v0_3_normalized/selector_asset_candidates.jsonl,52,candidate_content_canonical_profiles_revised_v0_3_normalized_orderly_supporter_facet_details_v0_3,candidate_canonical_profiles_revised_v0_3_normalized_orderly_supporter_facet_details_selector_v0_3,facet_reframe.canonical_profile.orderly_supporter.facet_details.revised_v0_3,facet_pattern_registry,public_payload,"public_payload contains runtime_use,production_use_allowed,ready_for_pilot",Keep selector public payload reader-safe: candidate ref/title/summary only; move runtime flags to provenance/replacement_policy/internal metadata.
B5-CANONICAL_PROFILES-0317,canonical_profiles,P0,selector_public_payload_runtime_flags,selector_asset,content_assets/big5/result_page_v2/agent_runs/canonical_profiles_revised_v0_3_normalized/selector_asset_candidates.jsonl,53,candidate_content_canonical_profiles_revised_v0_3_normalized_orderly_supporter_core_portrait_v0_3,candidate_canonical_profiles_revised_v0_3_normalized_orderly_supporter_core_portrait_selector_v0_3,coupling_cards.canonical_profile.orderly_supporter.core_portrait.revised_v0_3,coupling_registry,public_payload,"public_payload contains runtime_use,production_use_allowed,ready_for_pilot",Keep selector public payload reader-safe: candidate ref/title/summary only; move runtime flags to provenance/replacement_policy/internal metadata.
B5-CANONICAL_PROFILES-0318,canonical_profiles,P0,selector_public_payload_runtime_flags,selector_asset,content_assets/big5/result_page_v2/agent_runs/canonical_profiles_revised_v0_3_normalized/selector_asset_candidates.jsonl,54,candidate_content_canonical_profiles_revised_v0_3_normalized_orderly_supporter_norms_comparison_v0_3,candidate_canonical_profiles_revised_v0_3_normalized_orderly_supporter_norms_comparison_selector_v0_3,method_boundary.canonical_profile.orderly_supporter.norms_comparison.revised_v0_3,method_registry,public_payload,"public_payload contains runtime_use,production_use_allowed,ready_for_pilot",Keep selector public payload reader-safe: candidate ref/title/summary only; move runtime flags to provenance/replacement_policy/internal metadata.
B5-CANONICAL_PROFILES-0319,canonical_profiles,P0,selector_public_payload_runtime_flags,selector_asset,content_assets/big5/result_page_v2/agent_runs/canonical_profiles_revised_v0_3_normalized/selector_asset_candidates.jsonl,55,candidate_content_canonical_profiles_revised_v0_3_normalized_orderly_supporter_action_plan_v0_3,candidate_canonical_profiles_revised_v0_3_normalized_orderly_supporter_action_plan_selector_v0_3,application_matrix.canonical_profile.orderly_supporter.action_plan.revised_v0_3,action_plan_registry,public_payload,"public_payload contains runtime_use,production_use_allowed,ready_for_pilot",Keep selector public payload reader-safe: candidate ref/title/summary only; move runtime flags to provenance/replacement_policy/internal metadata.
B5-CANONICAL_PROFILES-0320,canonical_profiles,P0,selector_public_payload_runtime_flags,selector_asset,content_assets/big5/result_page_v2/agent_runs/canonical_profiles_revised_v0_3_normalized/selector_asset_candidates.jsonl,56,candidate_content_canonical_profiles_revised_v0_3_normalized_orderly_supporter_methodology_and_access_v0_3,candidate_canonical_profiles_revised_v0_3_normalized_orderly_supporter_methodology_and_access_selector_v0_3,method_boundary.canonical_profile.orderly_supporter.methodology_and_access.revised_v0_3,method_registry,public_payload,"public_payload contains runtime_use,production_use_allowed,ready_for_pilot",Keep selector public payload reader-safe: candidate ref/title/summary only; move runtime flags to provenance/replacement_policy/internal metadata.
B5-CANONICAL_PROFILES-0321,canonical_profiles,P0,selector_public_payload_runtime_flags,selector_asset,content_assets/big5/result_page_v2/agent_runs/canonical_profiles_revised_v0_3_normalized/selector_asset_candidates.jsonl,57,candidate_content_canonical_profiles_revised_v0_3_normalized_overloaded_internalizer_hero_summary_v0_3,candidate_canonical_profiles_revised_v0_3_normalized_overloaded_internalizer_hero_summary_selector_v0_3,hero_summary.canonical_profile.overloaded_internalizer.hero_summary.revised_v0_3,profile_signature_registry,public_payload,"public_payload contains runtime_use,production_use_allowed,ready_for_pilot",Keep selector public payload reader-safe: candidate ref/title/summary only; move runtime flags to provenance/replacement_policy/internal metadata.
B5-CANONICAL_PROFILES-0322,canonical_profiles,P0,selector_public_payload_runtime_flags,selector_asset,content_assets/big5/result_page_v2/agent_runs/canonical_profiles_revised_v0_3_normalized/selector_asset_candidates.jsonl,58,candidate_content_canonical_profiles_revised_v0_3_normalized_overloaded_internalizer_domains_overview_v0_3,candidate_canonical_profiles_revised_v0_3_normalized_overloaded_internalizer_domains_overview_selector_v0_3,quick_cards.canonical_profile.overloaded_internalizer.domains_overview.revised_v0_3,domain_registry,public_payload,"public_payload contains runtime_use,production_use_allowed,ready_for_pilot",Keep selector public payload reader-safe: candidate ref/title/summary only; move runtime flags to provenance/replacement_policy/internal metadata.
B5-CANONICAL_PROFILES-0323,canonical_profiles,P0,selector_public_payload_runtime_flags,selector_asset,content_assets/big5/result_page_v2/agent_runs/canonical_profiles_revised_v0_3_normalized/selector_asset_candidates.jsonl,59,candidate_content_canonical_profiles_revised_v0_3_normalized_overloaded_internalizer_domain_deep_dive_v0_3,candidate_canonical_profiles_revised_v0_3_normalized_overloaded_internalizer_domain_deep_dive_selector_v0_3,trait_deep_dive.canonical_profile.overloaded_internalizer.domain_deep_dive.revised_v0_3,domain_registry,public_payload,"public_payload contains runtime_use,production_use_allowed,ready_for_pilot",Keep selector public payload reader-safe: candidate ref/title/summary only; move runtime flags to provenance/replacement_policy/internal metadata.
B5-CANONICAL_PROFILES-0324,canonical_profiles,P0,selector_public_payload_runtime_flags,selector_asset,content_assets/big5/result_page_v2/agent_runs/canonical_profiles_revised_v0_3_normalized/selector_asset_candidates.jsonl,60,candidate_content_canonical_profiles_revised_v0_3_normalized_overloaded_internalizer_facet_details_v0_3,candidate_canonical_profiles_revised_v0_3_normalized_overloaded_internalizer_facet_details_selector_v0_3,facet_reframe.canonical_profile.overloaded_internalizer.facet_details.revised_v0_3,facet_pattern_registry,public_payload,"public_payload contains runtime_use,production_use_allowed,ready_for_pilot",Keep selector public payload reader-safe: candidate ref/title/summary only; move runtime flags to provenance/replacement_policy/internal metadata.
B5-CANONICAL_PROFILES-0325,canonical_profiles,P0,selector_public_payload_runtime_flags,selector_asset,content_assets/big5/result_page_v2/agent_runs/canonical_profiles_revised_v0_3_normalized/selector_asset_candidates.jsonl,61,candidate_content_canonical_profiles_revised_v0_3_normalized_overloaded_internalizer_core_portrait_v0_3,candidate_canonical_profiles_revised_v0_3_normalized_overloaded_internalizer_core_portrait_selector_v0_3,coupling_cards.canonical_profile.overloaded_internalizer.core_portrait.revised_v0_3,coupling_registry,public_payload,"public_payload contains runtime_use,production_use_allowed,ready_for_pilot",Keep selector public payload reader-safe: candidate ref/title/summary only; move runtime flags to provenance/replacement_policy/internal metadata.
B5-CANONICAL_PROFILES-0326,canonical_profiles,P0,selector_public_payload_runtime_flags,selector_asset,content_assets/big5/result_page_v2/agent_runs/canonical_profiles_revised_v0_3_normalized/selector_asset_candidates.jsonl,62,candidate_content_canonical_profiles_revised_v0_3_normalized_overloaded_internalizer_norms_comparison_v0_3,candidate_canonical_profiles_revised_v0_3_normalized_overloaded_internalizer_norms_comparison_selector_v0_3,method_boundary.canonical_profile.overloaded_internalizer.norms_comparison.revised_v0_3,method_registry,public_payload,"public_payload contains runtime_use,production_use_allowed,ready_for_pilot",Keep selector public payload reader-safe: candidate ref/title/summary only; move runtime flags to provenance/replacement_policy/internal metadata.
B5-CANONICAL_PROFILES-0327,canonical_profiles,P0,selector_public_payload_runtime_flags,selector_asset,content_assets/big5/result_page_v2/agent_runs/canonical_profiles_revised_v0_3_normalized/selector_asset_candidates.jsonl,63,candidate_content_canonical_profiles_revised_v0_3_normalized_overloaded_internalizer_action_plan_v0_3,candidate_canonical_profiles_revised_v0_3_normalized_overloaded_internalizer_action_plan_selector_v0_3,application_matrix.canonical_profile.overloaded_internalizer.action_plan.revised_v0_3,action_plan_registry,public_payload,"public_payload contains runtime_use,production_use_allowed,ready_for_pilot",Keep selector public payload reader-safe: candidate ref/title/summary only; move runtime flags to provenance/replacement_policy/internal metadata.
B5-CANONICAL_PROFILES-0328,canonical_profiles,P0,selector_public_payload_runtime_flags,selector_asset,content_assets/big5/result_page_v2/agent_runs/canonical_profiles_revised_v0_3_normalized/selector_asset_candidates.jsonl,64,candidate_content_canonical_profiles_revised_v0_3_normalized_overloaded_internalizer_methodology_and_access_v0_3,candidate_canonical_profiles_revised_v0_3_normalized_overloaded_internalizer_methodology_and_access_selector_v0_3,method_boundary.canonical_profile.overloaded_internalizer.methodology_and_access.revised_v0_3,method_registry,public_payload,"public_payload contains runtime_use,production_use_allowed,ready_for_pilot",Keep selector public payload reader-safe: candidate ref/title/summary only; move runtime flags to provenance/replacement_policy/internal metadata.
B5-SCENARIO_ACTION-0329,scenario_action,P1,overprescriptive_action,content_asset,content_assets/big5/result_page_v2/agent_runs/scenario_action_revised_v0_7_normalized/content_asset_candidates.jsonl,21,candidate_content_scenario_action_revised_v0_7_normalized_vigilant_perfectionist_work_scenario_core_pattern_v0_7,,application_matrix.scenario_action.vigilant_perfectionist.work.scenario_core_pattern.revised_v0_7,,repair_zh,先说明你在守护哪条标准，再区分必须修正和可以后补的部分,"Action advice should be low-risk, optional, and non-prescriptive."
B5-SCENARIO_ACTION-0330,scenario_action,P1,overprescriptive_action,content_asset,content_assets/big5/result_page_v2/agent_runs/scenario_action_revised_v0_7_normalized/content_asset_candidates.jsonl,22,candidate_content_scenario_action_revised_v0_7_normalized_vigilant_perfectionist_work_scenario_strength_and_risk_v0_7,,application_matrix.scenario_action.vigilant_perfectionist.work.scenario_strength_and_risk.revised_v0_7,,repair_zh,先说明你在守护哪条标准，再区分必须修正和可以后补的部分,"Action advice should be low-risk, optional, and non-prescriptive."
B5-SCENARIO_ACTION-0331,scenario_action,P1,overprescriptive_action,content_asset,content_assets/big5/result_page_v2/agent_runs/scenario_action_revised_v0_7_normalized/content_asset_candidates.jsonl,23,candidate_content_scenario_action_revised_v0_7_normalized_vigilant_perfectionist_work_scenario_action_protocol_v0_7,,application_matrix.scenario_action.vigilant_perfectionist.work.scenario_action_protocol.revised_v0_7,,repair_zh,先说明你在守护哪条标准，再区分必须修正和可以后补的部分,"Action advice should be low-risk, optional, and non-prescriptive."
B5-SCENARIO_ACTION-0332,scenario_action,P1,overprescriptive_action,content_asset,content_assets/big5/result_page_v2/agent_runs/scenario_action_revised_v0_7_normalized/content_asset_candidates.jsonl,24,candidate_content_scenario_action_revised_v0_7_normalized_vigilant_perfectionist_work_scenario_misread_and_repair_v0_7,,application_matrix.scenario_action.vigilant_perfectionist.work.scenario_misread_and_repair.revised_v0_7,,repair_zh,先说明你在守护哪条标准，再区分必须修正和可以后补的部分,"Action advice should be low-risk, optional, and non-prescriptive."
B5-SCENARIO_ACTION-0333,scenario_action,P1,overprescriptive_action,content_asset,content_assets/big5/result_page_v2/agent_runs/scenario_action_revised_v0_7_normalized/content_asset_candidates.jsonl,25,candidate_content_scenario_action_revised_v0_7_normalized_vigilant_perfectionist_relationship_scenario_core_pattern_v0_7,,application_matrix.scenario_action.vigilant_perfectionist.relationship.scenario_core_pattern.revised_v0_7,,repair_zh,先说明你在守护哪条标准，再区分必须修正和可以后补的部分,"Action advice should be low-risk, optional, and non-prescriptive."
B5-SCENARIO_ACTION-0334,scenario_action,P1,overprescriptive_action,content_asset,content_assets/big5/result_page_v2/agent_runs/scenario_action_revised_v0_7_normalized/content_asset_candidates.jsonl,26,candidate_content_scenario_action_revised_v0_7_normalized_vigilant_perfectionist_relationship_scenario_strength_and_risk_v0_7,,application_matrix.scenario_action.vigilant_perfectionist.relationship.scenario_strength_and_risk.revised_v0_7,,repair_zh,先说明你在守护哪条标准，再区分必须修正和可以后补的部分,"Action advice should be low-risk, optional, and non-prescriptive."
B5-SCENARIO_ACTION-0335,scenario_action,P1,overprescriptive_action,content_asset,content_assets/big5/result_page_v2/agent_runs/scenario_action_revised_v0_7_normalized/content_asset_candidates.jsonl,27,candidate_content_scenario_action_revised_v0_7_normalized_vigilant_perfectionist_relationship_scenario_action_protocol_v0_7,,application_matrix.scenario_action.vigilant_perfectionist.relationship.scenario_action_protocol.revised_v0_7,,repair_zh,先说明你在守护哪条标准，再区分必须修正和可以后补的部分,"Action advice should be low-risk, optional, and non-prescriptive."
B5-SCENARIO_ACTION-0336,scenario_action,P1,overprescriptive_action,content_asset,content_assets/big5/result_page_v2/agent_runs/scenario_action_revised_v0_7_normalized/content_asset_candidates.jsonl,28,candidate_content_scenario_action_revised_v0_7_normalized_vigilant_perfectionist_relationship_scenario_misread_and_repair_v0_7,,application_matrix.scenario_action.vigilant_perfectionist.relationship.scenario_misread_and_repair.revised_v0_7,,repair_zh,先说明你在守护哪条标准，再区分必须修正和可以后补的部分,"Action advice should be low-risk, optional, and non-prescriptive."
B5-SCENARIO_ACTION-0337,scenario_action,P1,overprescriptive_action,content_asset,content_assets/big5/result_page_v2/agent_runs/scenario_action_revised_v0_7_normalized/content_asset_candidates.jsonl,29,candidate_content_scenario_action_revised_v0_7_normalized_vigilant_perfectionist_stress_scenario_core_pattern_v0_7,,application_matrix.scenario_action.vigilant_perfectionist.stress.scenario_core_pattern.revised_v0_7,,repair_zh,先说明你在守护哪条标准，再区分必须修正和可以后补的部分,"Action advice should be low-risk, optional, and non-prescriptive."
B5-SCENARIO_ACTION-0338,scenario_action,P1,overprescriptive_action,content_asset,content_assets/big5/result_page_v2/agent_runs/scenario_action_revised_v0_7_normalized/content_asset_candidates.jsonl,30,candidate_content_scenario_action_revised_v0_7_normalized_vigilant_perfectionist_stress_scenario_strength_and_risk_v0_7,,application_matrix.scenario_action.vigilant_perfectionist.stress.scenario_strength_and_risk.revised_v0_7,,repair_zh,先说明你在守护哪条标准，再区分必须修正和可以后补的部分,"Action advice should be low-risk, optional, and non-prescriptive."
B5-SCENARIO_ACTION-0339,scenario_action,P1,overprescriptive_action,content_asset,content_assets/big5/result_page_v2/agent_runs/scenario_action_revised_v0_7_normalized/content_asset_candidates.jsonl,31,candidate_content_scenario_action_revised_v0_7_normalized_vigilant_perfectionist_stress_scenario_action_protocol_v0_7,,application_matrix.scenario_action.vigilant_perfectionist.stress.scenario_action_protocol.revised_v0_7,,repair_zh,先说明你在守护哪条标准，再区分必须修正和可以后补的部分,"Action advice should be low-risk, optional, and non-prescriptive."
B5-SCENARIO_ACTION-0340,scenario_action,P1,overprescriptive_action,content_asset,content_assets/big5/result_page_v2/agent_runs/scenario_action_revised_v0_7_normalized/content_asset_candidates.jsonl,32,candidate_content_scenario_action_revised_v0_7_normalized_vigilant_perfectionist_stress_scenario_misread_and_repair_v0_7,,application_matrix.scenario_action.vigilant_perfectionist.stress.scenario_misread_and_repair.revised_v0_7,,repair_zh,先说明你在守护哪条标准，再区分必须修正和可以后补的部分,"Action advice should be low-risk, optional, and non-prescriptive."
B5-SCENARIO_ACTION-0341,scenario_action,P1,overprescriptive_action,content_asset,content_assets/big5/result_page_v2/agent_runs/scenario_action_revised_v0_7_normalized/content_asset_candidates.jsonl,33,candidate_content_scenario_action_revised_v0_7_normalized_vigilant_perfectionist_growth_scenario_core_pattern_v0_7,,application_matrix.scenario_action.vigilant_perfectionist.growth.scenario_core_pattern.revised_v0_7,,repair_zh,先说明你在守护哪条标准，再区分必须修正和可以后补的部分,"Action advice should be low-risk, optional, and non-prescriptive."
B5-SCENARIO_ACTION-0342,scenario_action,P1,overprescriptive_action,content_asset,content_assets/big5/result_page_v2/agent_runs/scenario_action_revised_v0_7_normalized/content_asset_candidates.jsonl,34,candidate_content_scenario_action_revised_v0_7_normalized_vigilant_perfectionist_growth_scenario_strength_and_risk_v0_7,,application_matrix.scenario_action.vigilant_perfectionist.growth.scenario_strength_and_risk.revised_v0_7,,repair_zh,先说明你在守护哪条标准，再区分必须修正和可以后补的部分,"Action advice should be low-risk, optional, and non-prescriptive."
B5-SCENARIO_ACTION-0343,scenario_action,P1,overprescriptive_action,content_asset,content_assets/big5/result_page_v2/agent_runs/scenario_action_revised_v0_7_normalized/content_asset_candidates.jsonl,35,candidate_content_scenario_action_revised_v0_7_normalized_vigilant_perfectionist_growth_scenario_action_protocol_v0_7,,application_matrix.scenario_action.vigilant_perfectionist.growth.scenario_action_protocol.revised_v0_7,,repair_zh,先说明你在守护哪条标准，再区分必须修正和可以后补的部分,"Action advice should be low-risk, optional, and non-prescriptive."
B5-SCENARIO_ACTION-0344,scenario_action,P1,overprescriptive_action,content_asset,content_assets/big5/result_page_v2/agent_runs/scenario_action_revised_v0_7_normalized/content_asset_candidates.jsonl,36,candidate_content_scenario_action_revised_v0_7_normalized_vigilant_perfectionist_growth_scenario_misread_and_repair_v0_7,,application_matrix.scenario_action.vigilant_perfectionist.growth.scenario_misread_and_repair.revised_v0_7,,repair_zh,先说明你在守护哪条标准，再区分必须修正和可以后补的部分,"Action advice should be low-risk, optional, and non-prescriptive."
B5-SCENARIO_ACTION-0345,scenario_action,P1,overprescriptive_action,content_asset,content_assets/big5/result_page_v2/agent_runs/scenario_action_revised_v0_7_normalized/content_asset_candidates.jsonl,37,candidate_content_scenario_action_revised_v0_7_normalized_vigilant_perfectionist_collaboration_scenario_core_pattern_v0_7,,collaboration_manual.scenario_action.vigilant_perfectionist.collaboration.scenario_core_pattern.revised_v0_7,,repair_zh,先说明你在守护哪条标准，再区分必须修正和可以后补的部分,"Action advice should be low-risk, optional, and non-prescriptive."
B5-SCENARIO_ACTION-0346,scenario_action,P1,overprescriptive_action,content_asset,content_assets/big5/result_page_v2/agent_runs/scenario_action_revised_v0_7_normalized/content_asset_candidates.jsonl,38,candidate_content_scenario_action_revised_v0_7_normalized_vigilant_perfectionist_collaboration_scenario_strength_and_risk_v0_7,,collaboration_manual.scenario_action.vigilant_perfectionist.collaboration.scenario_strength_and_risk.revised_v0_7,,repair_zh,先说明你在守护哪条标准，再区分必须修正和可以后补的部分,"Action advice should be low-risk, optional, and non-prescriptive."
B5-SCENARIO_ACTION-0347,scenario_action,P1,overprescriptive_action,content_asset,content_assets/big5/result_page_v2/agent_runs/scenario_action_revised_v0_7_normalized/content_asset_candidates.jsonl,39,candidate_content_scenario_action_revised_v0_7_normalized_vigilant_perfectionist_collaboration_scenario_action_protocol_v0_7,,collaboration_manual.scenario_action.vigilant_perfectionist.collaboration.scenario_action_protocol.revised_v0_7,,repair_zh,先说明你在守护哪条标准，再区分必须修正和可以后补的部分,"Action advice should be low-risk, optional, and non-prescriptive."
B5-SCENARIO_ACTION-0348,scenario_action,P1,overprescriptive_action,content_asset,content_assets/big5/result_page_v2/agent_runs/scenario_action_revised_v0_7_normalized/content_asset_candidates.jsonl,40,candidate_content_scenario_action_revised_v0_7_normalized_vigilant_perfectionist_collaboration_scenario_misread_and_repair_v0_7,,collaboration_manual.scenario_action.vigilant_perfectionist.collaboration.scenario_misread_and_repair.revised_v0_7,,repair_zh,先说明你在守护哪条标准，再区分必须修正和可以后补的部分,"Action advice should be low-risk, optional, and non-prescriptive."
B5-SCENARIO_ACTION-0349,scenario_action,P1,overprescriptive_action,content_asset,content_assets/big5/result_page_v2/agent_runs/scenario_action_revised_v0_7_normalized/content_asset_candidates.jsonl,129,candidate_content_scenario_action_revised_v0_7_normalized_orderly_supporter_stress_scenario_core_pattern_v0_7,,application_matrix.scenario_action.orderly_supporter.stress.scenario_core_pattern.revised_v0_7,,body_zh,在压力恢复里，秩序维护型支持者的进入方式更像是：压力来时，你会想先把秩序恢复，再处理情绪。这不是给你贴标签，而是提醒你先观察自己怎样靠近触发、减载和恢复条件。它的可用优势是，能用步骤感帮助自己回到可控状态；同时也要留意，...,"Action advice should be low-risk, optional, and non-prescriptive."
B5-SCENARIO_ACTION-0350,scenario_action,P1,overprescriptive_action,content_asset,content_assets/big5/result_page_v2/agent_runs/scenario_action_revised_v0_7_normalized/content_asset_candidates.jsonl,129,candidate_content_scenario_action_revised_v0_7_normalized_orderly_supporter_stress_scenario_core_pattern_v0_7,,application_matrix.scenario_action.orderly_supporter.stress.scenario_core_pattern.revised_v0_7,,cost_zh,如果必须先维持秩序，你的疲惫会被遮住,"Action advice should be low-risk, optional, and non-prescriptive."
B5-SCENARIO_ACTION-0351,scenario_action,P1,overprescriptive_action,content_asset,content_assets/big5/result_page_v2/agent_runs/scenario_action_revised_v0_7_normalized/content_asset_candidates.jsonl,130,candidate_content_scenario_action_revised_v0_7_normalized_orderly_supporter_stress_scenario_strength_and_risk_v0_7,,application_matrix.scenario_action.orderly_supporter.stress.scenario_strength_and_risk.revised_v0_7,,body_zh,压力恢复中的可用资源，来自秩序维护型支持者对场景细节的特定处理方式：能用步骤感帮助自己回到可控状态。它能让你在关键时刻看见别人忽略的条件，也能让行动更贴近真实需要。代价是，如果必须先维持秩序，你的疲惫会被遮住；如果旁人只...,"Action advice should be low-risk, optional, and non-prescriptive."
B5-SCENARIO_ACTION-0352,scenario_action,P1,overprescriptive_action,content_asset,content_assets/big5/result_page_v2/agent_runs/scenario_action_revised_v0_7_normalized/content_asset_candidates.jsonl,130,candidate_content_scenario_action_revised_v0_7_normalized_orderly_supporter_stress_scenario_strength_and_risk_v0_7,,application_matrix.scenario_action.orderly_supporter.stress.scenario_strength_and_risk.revised_v0_7,,cost_zh,如果必须先维持秩序，你的疲惫会被遮住,"Action advice should be low-risk, optional, and non-prescriptive."
B5-SCENARIO_ACTION-0353,scenario_action,P1,overprescriptive_action,content_asset,content_assets/big5/result_page_v2/agent_runs/scenario_action_revised_v0_7_normalized/content_asset_candidates.jsonl,131,candidate_content_scenario_action_revised_v0_7_normalized_orderly_supporter_stress_scenario_action_protocol_v0_7,,application_matrix.scenario_action.orderly_supporter.stress.scenario_action_protocol.revised_v0_7,,cost_zh,如果必须先维持秩序，你的疲惫会被遮住,"Action advice should be low-risk, optional, and non-prescriptive."
B5-SCENARIO_ACTION-0354,scenario_action,P1,overprescriptive_action,content_asset,content_assets/big5/result_page_v2/agent_runs/scenario_action_revised_v0_7_normalized/content_asset_candidates.jsonl,132,candidate_content_scenario_action_revised_v0_7_normalized_orderly_supporter_stress_scenario_misread_and_repair_v0_7,,application_matrix.scenario_action.orderly_supporter.stress.scenario_misread_and_repair.revised_v0_7,,body_zh,这个场景里的误读，常发生在别人只看见外在反应，却没有看见你正在处理的触发、减载和恢复条件。对秩序维护型支持者来说，外界可能把如果必须先维持秩序，你的疲惫会被遮住误会成态度、意愿或参与度问题；你自己也可能把场景阻力看成个人...,"Action advice should be low-risk, optional, and non-prescriptive."
B5-SCENARIO_ACTION-0355,scenario_action,P1,overprescriptive_action,content_asset,content_assets/big5/result_page_v2/agent_runs/scenario_action_revised_v0_7_normalized/content_asset_candidates.jsonl,132,candidate_content_scenario_action_revised_v0_7_normalized_orderly_supporter_stress_scenario_misread_and_repair_v0_7,,application_matrix.scenario_action.orderly_supporter.stress.scenario_misread_and_repair.revised_v0_7,,cost_zh,如果必须先维持秩序，你的疲惫会被遮住,"Action advice should be low-risk, optional, and non-prescriptive."
B5-SCENARIO_ACTION-0356,scenario_action,P0,selector_public_payload_runtime_flags,selector_asset,content_assets/big5/result_page_v2/agent_runs/scenario_action_revised_v0_7_normalized/selector_asset_candidates.jsonl,1,candidate_content_scenario_action_revised_v0_7_normalized_sensitive_independent_thinker_work_scenario_core_pattern_v0_7,candidate_scenario_action_revised_v0_7_normalized_sensitive_independent_thinker_work_scenario_core_pattern_selector_v0_7,application_matrix.scenario_action.sensitive_independent_thinker.work.scenario_core_pattern.revised_v0_7,scenario_registry,public_payload,"public_payload contains runtime_use,production_use_allowed,ready_for_pilot",Keep selector public payload reader-safe: candidate ref/title/summary only; move runtime flags to provenance/replacement_policy/internal metadata.
B5-SCENARIO_ACTION-0357,scenario_action,P0,selector_public_payload_runtime_flags,selector_asset,content_assets/big5/result_page_v2/agent_runs/scenario_action_revised_v0_7_normalized/selector_asset_candidates.jsonl,2,candidate_content_scenario_action_revised_v0_7_normalized_sensitive_independent_thinker_work_scenario_strength_and_risk_v0_7,candidate_scenario_action_revised_v0_7_normalized_sensitive_independent_thinker_work_scenario_strength_and_risk_selector_v0_7,application_matrix.scenario_action.sensitive_independent_thinker.work.scenario_strength_and_risk.revised_v0_7,scenario_registry,public_payload,"public_payload contains runtime_use,production_use_allowed,ready_for_pilot",Keep selector public payload reader-safe: candidate ref/title/summary only; move runtime flags to provenance/replacement_policy/internal metadata.
B5-SCENARIO_ACTION-0358,scenario_action,P0,selector_public_payload_runtime_flags,selector_asset,content_assets/big5/result_page_v2/agent_runs/scenario_action_revised_v0_7_normalized/selector_asset_candidates.jsonl,3,candidate_content_scenario_action_revised_v0_7_normalized_sensitive_independent_thinker_work_scenario_action_protocol_v0_7,candidate_scenario_action_revised_v0_7_normalized_sensitive_independent_thinker_work_scenario_action_protocol_selector_v0_7,application_matrix.scenario_action.sensitive_independent_thinker.work.scenario_action_protocol.revised_v0_7,scenario_registry,public_payload,"public_payload contains runtime_use,production_use_allowed,ready_for_pilot",Keep selector public payload reader-safe: candidate ref/title/summary only; move runtime flags to provenance/replacement_policy/internal metadata.
B5-SCENARIO_ACTION-0359,scenario_action,P0,selector_public_payload_runtime_flags,selector_asset,content_assets/big5/result_page_v2/agent_runs/scenario_action_revised_v0_7_normalized/selector_asset_candidates.jsonl,4,candidate_content_scenario_action_revised_v0_7_normalized_sensitive_independent_thinker_work_scenario_misread_and_repair_v0_7,candidate_scenario_action_revised_v0_7_normalized_sensitive_independent_thinker_work_scenario_misread_and_repair_selector_v0_7,application_matrix.scenario_action.sensitive_independent_thinker.work.scenario_misread_and_repair.revised_v0_7,scenario_registry,public_payload,"public_payload contains runtime_use,production_use_allowed,ready_for_pilot",Keep selector public payload reader-safe: candidate ref/title/summary only; move runtime flags to provenance/replacement_policy/internal metadata.
B5-SCENARIO_ACTION-0360,scenario_action,P0,selector_public_payload_runtime_flags,selector_asset,content_assets/big5/result_page_v2/agent_runs/scenario_action_revised_v0_7_normalized/selector_asset_candidates.jsonl,5,candidate_content_scenario_action_revised_v0_7_normalized_sensitive_independent_thinker_relationship_scenario_core_pattern_v0_7,candidate_scenario_action_revised_v0_7_normalized_sensitive_independent_thinker_relationship_scenario_core_pattern_selector_v0_7,application_matrix.scenario_action.sensitive_independent_thinker.relationship.scenario_core_pattern.revised_v0_7,scenario_registry,public_payload,"public_payload contains runtime_use,production_use_allowed,ready_for_pilot",Keep selector public payload reader-safe: candidate ref/title/summary only; move runtime flags to provenance/replacement_policy/internal metadata.
B5-SCENARIO_ACTION-0361,scenario_action,P0,selector_public_payload_runtime_flags,selector_asset,content_assets/big5/result_page_v2/agent_runs/scenario_action_revised_v0_7_normalized/selector_asset_candidates.jsonl,6,candidate_content_scenario_action_revised_v0_7_normalized_sensitive_independent_thinker_relationship_scenario_strength_and_risk_v0_7,candidate_scenario_action_revised_v0_7_normalized_sensitive_independent_thinker_relationship_scenario_strength_and_risk_selector_v0_7,application_matrix.scenario_action.sensitive_independent_thinker.relationship.scenario_strength_and_risk.revised_v0_7,scenario_registry,public_payload,"public_payload contains runtime_use,production_use_allowed,ready_for_pilot",Keep selector public payload reader-safe: candidate ref/title/summary only; move runtime flags to provenance/replacement_policy/internal metadata.
B5-SCENARIO_ACTION-0362,scenario_action,P0,selector_public_payload_runtime_flags,selector_asset,content_assets/big5/result_page_v2/agent_runs/scenario_action_revised_v0_7_normalized/selector_asset_candidates.jsonl,7,candidate_content_scenario_action_revised_v0_7_normalized_sensitive_independent_thinker_relationship_scenario_action_protocol_v0_7,candidate_scenario_action_revised_v0_7_normalized_sensitive_independent_thinker_relationship_scenario_action_protocol_selector_v0_7,application_matrix.scenario_action.sensitive_independent_thinker.relationship.scenario_action_protocol.revised_v0_7,scenario_registry,public_payload,"public_payload contains runtime_use,production_use_allowed,ready_for_pilot",Keep selector public payload reader-safe: candidate ref/title/summary only; move runtime flags to provenance/replacement_policy/internal metadata.
B5-SCENARIO_ACTION-0363,scenario_action,P0,selector_public_payload_runtime_flags,selector_asset,content_assets/big5/result_page_v2/agent_runs/scenario_action_revised_v0_7_normalized/selector_asset_candidates.jsonl,8,candidate_content_scenario_action_revised_v0_7_normalized_sensitive_independent_thinker_relationship_scenario_misread_and_repair_v0_7,candidate_scenario_action_revised_v0_7_normalized_sensitive_independent_thinker_relationship_scenario_misread_and_repair_selector_v0_7,application_matrix.scenario_action.sensitive_independent_thinker.relationship.scenario_misread_and_repair.revised_v0_7,scenario_registry,public_payload,"public_payload contains runtime_use,production_use_allowed,ready_for_pilot",Keep selector public payload reader-safe: candidate ref/title/summary only; move runtime flags to provenance/replacement_policy/internal metadata.
B5-SCENARIO_ACTION-0364,scenario_action,P0,selector_public_payload_runtime_flags,selector_asset,content_assets/big5/result_page_v2/agent_runs/scenario_action_revised_v0_7_normalized/selector_asset_candidates.jsonl,9,candidate_content_scenario_action_revised_v0_7_normalized_sensitive_independent_thinker_stress_scenario_core_pattern_v0_7,candidate_scenario_action_revised_v0_7_normalized_sensitive_independent_thinker_stress_scenario_core_pattern_selector_v0_7,application_matrix.scenario_action.sensitive_independent_thinker.stress.scenario_core_pattern.revised_v0_7,scenario_registry,public_payload,"public_payload contains runtime_use,production_use_allowed,ready_for_pilot",Keep selector public payload reader-safe: candidate ref/title/summary only; move runtime flags to provenance/replacement_policy/internal metadata.
B5-SCENARIO_ACTION-0365,scenario_action,P0,selector_public_payload_runtime_flags,selector_asset,content_assets/big5/result_page_v2/agent_runs/scenario_action_revised_v0_7_normalized/selector_asset_candidates.jsonl,10,candidate_content_scenario_action_revised_v0_7_normalized_sensitive_independent_thinker_stress_scenario_strength_and_risk_v0_7,candidate_scenario_action_revised_v0_7_normalized_sensitive_independent_thinker_stress_scenario_strength_and_risk_selector_v0_7,application_matrix.scenario_action.sensitive_independent_thinker.stress.scenario_strength_and_risk.revised_v0_7,scenario_registry,public_payload,"public_payload contains runtime_use,production_use_allowed,ready_for_pilot",Keep selector public payload reader-safe: candidate ref/title/summary only; move runtime flags to provenance/replacement_policy/internal metadata.
B5-SCENARIO_ACTION-0366,scenario_action,P0,selector_public_payload_runtime_flags,selector_asset,content_assets/big5/result_page_v2/agent_runs/scenario_action_revised_v0_7_normalized/selector_asset_candidates.jsonl,11,candidate_content_scenario_action_revised_v0_7_normalized_sensitive_independent_thinker_stress_scenario_action_protocol_v0_7,candidate_scenario_action_revised_v0_7_normalized_sensitive_independent_thinker_stress_scenario_action_protocol_selector_v0_7,application_matrix.scenario_action.sensitive_independent_thinker.stress.scenario_action_protocol.revised_v0_7,scenario_registry,public_payload,"public_payload contains runtime_use,production_use_allowed,ready_for_pilot",Keep selector public payload reader-safe: candidate ref/title/summary only; move runtime flags to provenance/replacement_policy/internal metadata.
B5-SCENARIO_ACTION-0367,scenario_action,P0,selector_public_payload_runtime_flags,selector_asset,content_assets/big5/result_page_v2/agent_runs/scenario_action_revised_v0_7_normalized/selector_asset_candidates.jsonl,12,candidate_content_scenario_action_revised_v0_7_normalized_sensitive_independent_thinker_stress_scenario_misread_and_repair_v0_7,candidate_scenario_action_revised_v0_7_normalized_sensitive_independent_thinker_stress_scenario_misread_and_repair_selector_v0_7,application_matrix.scenario_action.sensitive_independent_thinker.stress.scenario_misread_and_repair.revised_v0_7,scenario_registry,public_payload,"public_payload contains runtime_use,production_use_allowed,ready_for_pilot",Keep selector public payload reader-safe: candidate ref/title/summary only; move runtime flags to provenance/replacement_policy/internal metadata.
B5-SCENARIO_ACTION-0368,scenario_action,P0,selector_public_payload_runtime_flags,selector_asset,content_assets/big5/result_page_v2/agent_runs/scenario_action_revised_v0_7_normalized/selector_asset_candidates.jsonl,13,candidate_content_scenario_action_revised_v0_7_normalized_sensitive_independent_thinker_growth_scenario_core_pattern_v0_7,candidate_scenario_action_revised_v0_7_normalized_sensitive_independent_thinker_growth_scenario_core_pattern_selector_v0_7,application_matrix.scenario_action.sensitive_independent_thinker.growth.scenario_core_pattern.revised_v0_7,scenario_registry,public_payload,"public_payload contains runtime_use,production_use_allowed,ready_for_pilot",Keep selector public payload reader-safe: candidate ref/title/summary only; move runtime flags to provenance/replacement_policy/internal metadata.
B5-SCENARIO_ACTION-0369,scenario_action,P0,selector_public_payload_runtime_flags,selector_asset,content_assets/big5/result_page_v2/agent_runs/scenario_action_revised_v0_7_normalized/selector_asset_candidates.jsonl,14,candidate_content_scenario_action_revised_v0_7_normalized_sensitive_independent_thinker_growth_scenario_strength_and_risk_v0_7,candidate_scenario_action_revised_v0_7_normalized_sensitive_independent_thinker_growth_scenario_strength_and_risk_selector_v0_7,application_matrix.scenario_action.sensitive_independent_thinker.growth.scenario_strength_and_risk.revised_v0_7,scenario_registry,public_payload,"public_payload contains runtime_use,production_use_allowed,ready_for_pilot",Keep selector public payload reader-safe: candidate ref/title/summary only; move runtime flags to provenance/replacement_policy/internal metadata.
B5-SCENARIO_ACTION-0370,scenario_action,P0,selector_public_payload_runtime_flags,selector_asset,content_assets/big5/result_page_v2/agent_runs/scenario_action_revised_v0_7_normalized/selector_asset_candidates.jsonl,15,candidate_content_scenario_action_revised_v0_7_normalized_sensitive_independent_thinker_growth_scenario_action_protocol_v0_7,candidate_scenario_action_revised_v0_7_normalized_sensitive_independent_thinker_growth_scenario_action_protocol_selector_v0_7,application_matrix.scenario_action.sensitive_independent_thinker.growth.scenario_action_protocol.revised_v0_7,scenario_registry,public_payload,"public_payload contains runtime_use,production_use_allowed,ready_for_pilot",Keep selector public payload reader-safe: candidate ref/title/summary only; move runtime flags to provenance/replacement_policy/internal metadata.
B5-SCENARIO_ACTION-0371,scenario_action,P0,selector_public_payload_runtime_flags,selector_asset,content_assets/big5/result_page_v2/agent_runs/scenario_action_revised_v0_7_normalized/selector_asset_candidates.jsonl,16,candidate_content_scenario_action_revised_v0_7_normalized_sensitive_independent_thinker_growth_scenario_misread_and_repair_v0_7,candidate_scenario_action_revised_v0_7_normalized_sensitive_independent_thinker_growth_scenario_misread_and_repair_selector_v0_7,application_matrix.scenario_action.sensitive_independent_thinker.growth.scenario_misread_and_repair.revised_v0_7,scenario_registry,public_payload,"public_payload contains runtime_use,production_use_allowed,ready_for_pilot",Keep selector public payload reader-safe: candidate ref/title/summary only; move runtime flags to provenance/replacement_policy/internal metadata.
B5-SCENARIO_ACTION-0372,scenario_action,P0,selector_public_payload_runtime_flags,selector_asset,content_assets/big5/result_page_v2/agent_runs/scenario_action_revised_v0_7_normalized/selector_asset_candidates.jsonl,17,candidate_content_scenario_action_revised_v0_7_normalized_sensitive_independent_thinker_collaboration_scenario_core_pattern_v0_7,candidate_scenario_action_revised_v0_7_normalized_sensitive_independent_thinker_collaboration_scenario_core_pattern_selector_v0_7,collaboration_manual.scenario_action.sensitive_independent_thinker.collaboration.scenario_core_pattern.revised_v0_7,scenario_registry,public_payload,"public_payload contains runtime_use,production_use_allowed,ready_for_pilot",Keep selector public payload reader-safe: candidate ref/title/summary only; move runtime flags to provenance/replacement_policy/internal metadata.
B5-SCENARIO_ACTION-0373,scenario_action,P0,selector_public_payload_runtime_flags,selector_asset,content_assets/big5/result_page_v2/agent_runs/scenario_action_revised_v0_7_normalized/selector_asset_candidates.jsonl,18,candidate_content_scenario_action_revised_v0_7_normalized_sensitive_independent_thinker_collaboration_scenario_strength_and_risk_v0_7,candidate_scenario_action_revised_v0_7_normalized_sensitive_independent_thinker_collaboration_scenario_strength_and_risk_selector_v0_7,collaboration_manual.scenario_action.sensitive_independent_thinker.collaboration.scenario_strength_and_risk.revised_v0_7,scenario_registry,public_payload,"public_payload contains runtime_use,production_use_allowed,ready_for_pilot",Keep selector public payload reader-safe: candidate ref/title/summary only; move runtime flags to provenance/replacement_policy/internal metadata.
B5-SCENARIO_ACTION-0374,scenario_action,P0,selector_public_payload_runtime_flags,selector_asset,content_assets/big5/result_page_v2/agent_runs/scenario_action_revised_v0_7_normalized/selector_asset_candidates.jsonl,19,candidate_content_scenario_action_revised_v0_7_normalized_sensitive_independent_thinker_collaboration_scenario_action_protocol_v0_7,candidate_scenario_action_revised_v0_7_normalized_sensitive_independent_thinker_collaboration_scenario_action_protocol_selector_v0_7,collaboration_manual.scenario_action.sensitive_independent_thinker.collaboration.scenario_action_protocol.revised_v0_7,scenario_registry,public_payload,"public_payload contains runtime_use,production_use_allowed,ready_for_pilot",Keep selector public payload reader-safe: candidate ref/title/summary only; move runtime flags to provenance/replacement_policy/internal metadata.
B5-SCENARIO_ACTION-0375,scenario_action,P0,selector_public_payload_runtime_flags,selector_asset,content_assets/big5/result_page_v2/agent_runs/scenario_action_revised_v0_7_normalized/selector_asset_candidates.jsonl,20,candidate_content_scenario_action_revised_v0_7_normalized_sensitive_independent_thinker_collaboration_scenario_misread_and_repair_v0_7,candidate_scenario_action_revised_v0_7_normalized_sensitive_independent_thinker_collaboration_scenario_misread_and_repair_selector_v0_7,collaboration_manual.scenario_action.sensitive_independent_thinker.collaboration.scenario_misread_and_repair.revised_v0_7,scenario_registry,public_payload,"public_payload contains runtime_use,production_use_allowed,ready_for_pilot",Keep selector public payload reader-safe: candidate ref/title/summary only; move runtime flags to provenance/replacement_policy/internal metadata.
B5-SCENARIO_ACTION-0376,scenario_action,P0,selector_public_payload_runtime_flags,selector_asset,content_assets/big5/result_page_v2/agent_runs/scenario_action_revised_v0_7_normalized/selector_asset_candidates.jsonl,21,candidate_content_scenario_action_revised_v0_7_normalized_vigilant_perfectionist_work_scenario_core_pattern_v0_7,candidate_scenario_action_revised_v0_7_normalized_vigilant_perfectionist_work_scenario_core_pattern_selector_v0_7,application_matrix.scenario_action.vigilant_perfectionist.work.scenario_core_pattern.revised_v0_7,scenario_registry,public_payload,"public_payload contains runtime_use,production_use_allowed,ready_for_pilot",Keep selector public payload reader-safe: candidate ref/title/summary only; move runtime flags to provenance/replacement_policy/internal metadata.
B5-SCENARIO_ACTION-0377,scenario_action,P0,selector_public_payload_runtime_flags,selector_asset,content_assets/big5/result_page_v2/agent_runs/scenario_action_revised_v0_7_normalized/selector_asset_candidates.jsonl,22,candidate_content_scenario_action_revised_v0_7_normalized_vigilant_perfectionist_work_scenario_strength_and_risk_v0_7,candidate_scenario_action_revised_v0_7_normalized_vigilant_perfectionist_work_scenario_strength_and_risk_selector_v0_7,application_matrix.scenario_action.vigilant_perfectionist.work.scenario_strength_and_risk.revised_v0_7,scenario_registry,public_payload,"public_payload contains runtime_use,production_use_allowed,ready_for_pilot",Keep selector public payload reader-safe: candidate ref/title/summary only; move runtime flags to provenance/replacement_policy/internal metadata.
B5-SCENARIO_ACTION-0378,scenario_action,P0,selector_public_payload_runtime_flags,selector_asset,content_assets/big5/result_page_v2/agent_runs/scenario_action_revised_v0_7_normalized/selector_asset_candidates.jsonl,23,candidate_content_scenario_action_revised_v0_7_normalized_vigilant_perfectionist_work_scenario_action_protocol_v0_7,candidate_scenario_action_revised_v0_7_normalized_vigilant_perfectionist_work_scenario_action_protocol_selector_v0_7,application_matrix.scenario_action.vigilant_perfectionist.work.scenario_action_protocol.revised_v0_7,scenario_registry,public_payload,"public_payload contains runtime_use,production_use_allowed,ready_for_pilot",Keep selector public payload reader-safe: candidate ref/title/summary only; move runtime flags to provenance/replacement_policy/internal metadata.
B5-SCENARIO_ACTION-0379,scenario_action,P0,selector_public_payload_runtime_flags,selector_asset,content_assets/big5/result_page_v2/agent_runs/scenario_action_revised_v0_7_normalized/selector_asset_candidates.jsonl,24,candidate_content_scenario_action_revised_v0_7_normalized_vigilant_perfectionist_work_scenario_misread_and_repair_v0_7,candidate_scenario_action_revised_v0_7_normalized_vigilant_perfectionist_work_scenario_misread_and_repair_selector_v0_7,application_matrix.scenario_action.vigilant_perfectionist.work.scenario_misread_and_repair.revised_v0_7,scenario_registry,public_payload,"public_payload contains runtime_use,production_use_allowed,ready_for_pilot",Keep selector public payload reader-safe: candidate ref/title/summary only; move runtime flags to provenance/replacement_policy/internal metadata.
B5-SCENARIO_ACTION-0380,scenario_action,P0,selector_public_payload_runtime_flags,selector_asset,content_assets/big5/result_page_v2/agent_runs/scenario_action_revised_v0_7_normalized/selector_asset_candidates.jsonl,25,candidate_content_scenario_action_revised_v0_7_normalized_vigilant_perfectionist_relationship_scenario_core_pattern_v0_7,candidate_scenario_action_revised_v0_7_normalized_vigilant_perfectionist_relationship_scenario_core_pattern_selector_v0_7,application_matrix.scenario_action.vigilant_perfectionist.relationship.scenario_core_pattern.revised_v0_7,scenario_registry,public_payload,"public_payload contains runtime_use,production_use_allowed,ready_for_pilot",Keep selector public payload reader-safe: candidate ref/title/summary only; move runtime flags to provenance/replacement_policy/internal metadata.
B5-SCENARIO_ACTION-0381,scenario_action,P0,selector_public_payload_runtime_flags,selector_asset,content_assets/big5/result_page_v2/agent_runs/scenario_action_revised_v0_7_normalized/selector_asset_candidates.jsonl,26,candidate_content_scenario_action_revised_v0_7_normalized_vigilant_perfectionist_relationship_scenario_strength_and_risk_v0_7,candidate_scenario_action_revised_v0_7_normalized_vigilant_perfectionist_relationship_scenario_strength_and_risk_selector_v0_7,application_matrix.scenario_action.vigilant_perfectionist.relationship.scenario_strength_and_risk.revised_v0_7,scenario_registry,public_payload,"public_payload contains runtime_use,production_use_allowed,ready_for_pilot",Keep selector public payload reader-safe: candidate ref/title/summary only; move runtime flags to provenance/replacement_policy/internal metadata.
B5-SCENARIO_ACTION-0382,scenario_action,P0,selector_public_payload_runtime_flags,selector_asset,content_assets/big5/result_page_v2/agent_runs/scenario_action_revised_v0_7_normalized/selector_asset_candidates.jsonl,27,candidate_content_scenario_action_revised_v0_7_normalized_vigilant_perfectionist_relationship_scenario_action_protocol_v0_7,candidate_scenario_action_revised_v0_7_normalized_vigilant_perfectionist_relationship_scenario_action_protocol_selector_v0_7,application_matrix.scenario_action.vigilant_perfectionist.relationship.scenario_action_protocol.revised_v0_7,scenario_registry,public_payload,"public_payload contains runtime_use,production_use_allowed,ready_for_pilot",Keep selector public payload reader-safe: candidate ref/title/summary only; move runtime flags to provenance/replacement_policy/internal metadata.
B5-SCENARIO_ACTION-0383,scenario_action,P0,selector_public_payload_runtime_flags,selector_asset,content_assets/big5/result_page_v2/agent_runs/scenario_action_revised_v0_7_normalized/selector_asset_candidates.jsonl,28,candidate_content_scenario_action_revised_v0_7_normalized_vigilant_perfectionist_relationship_scenario_misread_and_repair_v0_7,candidate_scenario_action_revised_v0_7_normalized_vigilant_perfectionist_relationship_scenario_misread_and_repair_selector_v0_7,application_matrix.scenario_action.vigilant_perfectionist.relationship.scenario_misread_and_repair.revised_v0_7,scenario_registry,public_payload,"public_payload contains runtime_use,production_use_allowed,ready_for_pilot",Keep selector public payload reader-safe: candidate ref/title/summary only; move runtime flags to provenance/replacement_policy/internal metadata.
B5-SCENARIO_ACTION-0384,scenario_action,P0,selector_public_payload_runtime_flags,selector_asset,content_assets/big5/result_page_v2/agent_runs/scenario_action_revised_v0_7_normalized/selector_asset_candidates.jsonl,29,candidate_content_scenario_action_revised_v0_7_normalized_vigilant_perfectionist_stress_scenario_core_pattern_v0_7,candidate_scenario_action_revised_v0_7_normalized_vigilant_perfectionist_stress_scenario_core_pattern_selector_v0_7,application_matrix.scenario_action.vigilant_perfectionist.stress.scenario_core_pattern.revised_v0_7,scenario_registry,public_payload,"public_payload contains runtime_use,production_use_allowed,ready_for_pilot",Keep selector public payload reader-safe: candidate ref/title/summary only; move runtime flags to provenance/replacement_policy/internal metadata.
B5-SCENARIO_ACTION-0385,scenario_action,P0,selector_public_payload_runtime_flags,selector_asset,content_assets/big5/result_page_v2/agent_runs/scenario_action_revised_v0_7_normalized/selector_asset_candidates.jsonl,30,candidate_content_scenario_action_revised_v0_7_normalized_vigilant_perfectionist_stress_scenario_strength_and_risk_v0_7,candidate_scenario_action_revised_v0_7_normalized_vigilant_perfectionist_stress_scenario_strength_and_risk_selector_v0_7,application_matrix.scenario_action.vigilant_perfectionist.stress.scenario_strength_and_risk.revised_v0_7,scenario_registry,public_payload,"public_payload contains runtime_use,production_use_allowed,ready_for_pilot",Keep selector public payload reader-safe: candidate ref/title/summary only; move runtime flags to provenance/replacement_policy/internal metadata.
B5-SCENARIO_ACTION-0386,scenario_action,P0,selector_public_payload_runtime_flags,selector_asset,content_assets/big5/result_page_v2/agent_runs/scenario_action_revised_v0_7_normalized/selector_asset_candidates.jsonl,31,candidate_content_scenario_action_revised_v0_7_normalized_vigilant_perfectionist_stress_scenario_action_protocol_v0_7,candidate_scenario_action_revised_v0_7_normalized_vigilant_perfectionist_stress_scenario_action_protocol_selector_v0_7,application_matrix.scenario_action.vigilant_perfectionist.stress.scenario_action_protocol.revised_v0_7,scenario_registry,public_payload,"public_payload contains runtime_use,production_use_allowed,ready_for_pilot",Keep selector public payload reader-safe: candidate ref/title/summary only; move runtime flags to provenance/replacement_policy/internal metadata.
B5-SCENARIO_ACTION-0387,scenario_action,P0,selector_public_payload_runtime_flags,selector_asset,content_assets/big5/result_page_v2/agent_runs/scenario_action_revised_v0_7_normalized/selector_asset_candidates.jsonl,32,candidate_content_scenario_action_revised_v0_7_normalized_vigilant_perfectionist_stress_scenario_misread_and_repair_v0_7,candidate_scenario_action_revised_v0_7_normalized_vigilant_perfectionist_stress_scenario_misread_and_repair_selector_v0_7,application_matrix.scenario_action.vigilant_perfectionist.stress.scenario_misread_and_repair.revised_v0_7,scenario_registry,public_payload,"public_payload contains runtime_use,production_use_allowed,ready_for_pilot",Keep selector public payload reader-safe: candidate ref/title/summary only; move runtime flags to provenance/replacement_policy/internal metadata.
B5-SCENARIO_ACTION-0388,scenario_action,P0,selector_public_payload_runtime_flags,selector_asset,content_assets/big5/result_page_v2/agent_runs/scenario_action_revised_v0_7_normalized/selector_asset_candidates.jsonl,33,candidate_content_scenario_action_revised_v0_7_normalized_vigilant_perfectionist_growth_scenario_core_pattern_v0_7,candidate_scenario_action_revised_v0_7_normalized_vigilant_perfectionist_growth_scenario_core_pattern_selector_v0_7,application_matrix.scenario_action.vigilant_perfectionist.growth.scenario_core_pattern.revised_v0_7,scenario_registry,public_payload,"public_payload contains runtime_use,production_use_allowed,ready_for_pilot",Keep selector public payload reader-safe: candidate ref/title/summary only; move runtime flags to provenance/replacement_policy/internal metadata.
B5-SCENARIO_ACTION-0389,scenario_action,P0,selector_public_payload_runtime_flags,selector_asset,content_assets/big5/result_page_v2/agent_runs/scenario_action_revised_v0_7_normalized/selector_asset_candidates.jsonl,34,candidate_content_scenario_action_revised_v0_7_normalized_vigilant_perfectionist_growth_scenario_strength_and_risk_v0_7,candidate_scenario_action_revised_v0_7_normalized_vigilant_perfectionist_growth_scenario_strength_and_risk_selector_v0_7,application_matrix.scenario_action.vigilant_perfectionist.growth.scenario_strength_and_risk.revised_v0_7,scenario_registry,public_payload,"public_payload contains runtime_use,production_use_allowed,ready_for_pilot",Keep selector public payload reader-safe: candidate ref/title/summary only; move runtime flags to provenance/replacement_policy/internal metadata.
B5-SCENARIO_ACTION-0390,scenario_action,P0,selector_public_payload_runtime_flags,selector_asset,content_assets/big5/result_page_v2/agent_runs/scenario_action_revised_v0_7_normalized/selector_asset_candidates.jsonl,35,candidate_content_scenario_action_revised_v0_7_normalized_vigilant_perfectionist_growth_scenario_action_protocol_v0_7,candidate_scenario_action_revised_v0_7_normalized_vigilant_perfectionist_growth_scenario_action_protocol_selector_v0_7,application_matrix.scenario_action.vigilant_perfectionist.growth.scenario_action_protocol.revised_v0_7,scenario_registry,public_payload,"public_payload contains runtime_use,production_use_allowed,ready_for_pilot",Keep selector public payload reader-safe: candidate ref/title/summary only; move runtime flags to provenance/replacement_policy/internal metadata.
B5-SCENARIO_ACTION-0391,scenario_action,P0,selector_public_payload_runtime_flags,selector_asset,content_assets/big5/result_page_v2/agent_runs/scenario_action_revised_v0_7_normalized/selector_asset_candidates.jsonl,36,candidate_content_scenario_action_revised_v0_7_normalized_vigilant_perfectionist_growth_scenario_misread_and_repair_v0_7,candidate_scenario_action_revised_v0_7_normalized_vigilant_perfectionist_growth_scenario_misread_and_repair_selector_v0_7,application_matrix.scenario_action.vigilant_perfectionist.growth.scenario_misread_and_repair.revised_v0_7,scenario_registry,public_payload,"public_payload contains runtime_use,production_use_allowed,ready_for_pilot",Keep selector public payload reader-safe: candidate ref/title/summary only; move runtime flags to provenance/replacement_policy/internal metadata.
B5-SCENARIO_ACTION-0392,scenario_action,P0,selector_public_payload_runtime_flags,selector_asset,content_assets/big5/result_page_v2/agent_runs/scenario_action_revised_v0_7_normalized/selector_asset_candidates.jsonl,37,candidate_content_scenario_action_revised_v0_7_normalized_vigilant_perfectionist_collaboration_scenario_core_pattern_v0_7,candidate_scenario_action_revised_v0_7_normalized_vigilant_perfectionist_collaboration_scenario_core_pattern_selector_v0_7,collaboration_manual.scenario_action.vigilant_perfectionist.collaboration.scenario_core_pattern.revised_v0_7,scenario_registry,public_payload,"public_payload contains runtime_use,production_use_allowed,ready_for_pilot",Keep selector public payload reader-safe: candidate ref/title/summary only; move runtime flags to provenance/replacement_policy/internal metadata.
B5-SCENARIO_ACTION-0393,scenario_action,P0,selector_public_payload_runtime_flags,selector_asset,content_assets/big5/result_page_v2/agent_runs/scenario_action_revised_v0_7_normalized/selector_asset_candidates.jsonl,38,candidate_content_scenario_action_revised_v0_7_normalized_vigilant_perfectionist_collaboration_scenario_strength_and_risk_v0_7,candidate_scenario_action_revised_v0_7_normalized_vigilant_perfectionist_collaboration_scenario_strength_and_risk_selector_v0_7,collaboration_manual.scenario_action.vigilant_perfectionist.collaboration.scenario_strength_and_risk.revised_v0_7,scenario_registry,public_payload,"public_payload contains runtime_use,production_use_allowed,ready_for_pilot",Keep selector public payload reader-safe: candidate ref/title/summary only; move runtime flags to provenance/replacement_policy/internal metadata.
B5-SCENARIO_ACTION-0394,scenario_action,P0,selector_public_payload_runtime_flags,selector_asset,content_assets/big5/result_page_v2/agent_runs/scenario_action_revised_v0_7_normalized/selector_asset_candidates.jsonl,39,candidate_content_scenario_action_revised_v0_7_normalized_vigilant_perfectionist_collaboration_scenario_action_protocol_v0_7,candidate_scenario_action_revised_v0_7_normalized_vigilant_perfectionist_collaboration_scenario_action_protocol_selector_v0_7,collaboration_manual.scenario_action.vigilant_perfectionist.collaboration.scenario_action_protocol.revised_v0_7,scenario_registry,public_payload,"public_payload contains runtime_use,production_use_allowed,ready_for_pilot",Keep selector public payload reader-safe: candidate ref/title/summary only; move runtime flags to provenance/replacement_policy/internal metadata.
B5-SCENARIO_ACTION-0395,scenario_action,P0,selector_public_payload_runtime_flags,selector_asset,content_assets/big5/result_page_v2/agent_runs/scenario_action_revised_v0_7_normalized/selector_asset_candidates.jsonl,40,candidate_content_scenario_action_revised_v0_7_normalized_vigilant_perfectionist_collaboration_scenario_misread_and_repair_v0_7,candidate_scenario_action_revised_v0_7_normalized_vigilant_perfectionist_collaboration_scenario_misread_and_repair_selector_v0_7,collaboration_manual.scenario_action.vigilant_perfectionist.collaboration.scenario_misread_and_repair.revised_v0_7,scenario_registry,public_payload,"public_payload contains runtime_use,production_use_allowed,ready_for_pilot",Keep selector public payload reader-safe: candidate ref/title/summary only; move runtime flags to provenance/replacement_policy/internal metadata.
B5-SCENARIO_ACTION-0396,scenario_action,P0,selector_public_payload_runtime_flags,selector_asset,content_assets/big5/result_page_v2/agent_runs/scenario_action_revised_v0_7_normalized/selector_asset_candidates.jsonl,41,candidate_content_scenario_action_revised_v0_7_normalized_complex_explorer_low_structure_work_scenario_core_pattern_v0_7,candidate_scenario_action_revised_v0_7_normalized_complex_explorer_low_structure_work_scenario_core_pattern_selector_v0_7,application_matrix.scenario_action.complex_explorer_low_structure.work.scenario_core_pattern.revised_v0_7,scenario_registry,public_payload,"public_payload contains runtime_use,production_use_allowed,ready_for_pilot",Keep selector public payload reader-safe: candidate ref/title/summary only; move runtime flags to provenance/replacement_policy/internal metadata.
B5-SCENARIO_ACTION-0397,scenario_action,P0,selector_public_payload_runtime_flags,selector_asset,content_assets/big5/result_page_v2/agent_runs/scenario_action_revised_v0_7_normalized/selector_asset_candidates.jsonl,42,candidate_content_scenario_action_revised_v0_7_normalized_complex_explorer_low_structure_work_scenario_strength_and_risk_v0_7,candidate_scenario_action_revised_v0_7_normalized_complex_explorer_low_structure_work_scenario_strength_and_risk_selector_v0_7,application_matrix.scenario_action.complex_explorer_low_structure.work.scenario_strength_and_risk.revised_v0_7,scenario_registry,public_payload,"public_payload contains runtime_use,production_use_allowed,ready_for_pilot",Keep selector public payload reader-safe: candidate ref/title/summary only; move runtime flags to provenance/replacement_policy/internal metadata.
B5-SCENARIO_ACTION-0398,scenario_action,P0,selector_public_payload_runtime_flags,selector_asset,content_assets/big5/result_page_v2/agent_runs/scenario_action_revised_v0_7_normalized/selector_asset_candidates.jsonl,43,candidate_content_scenario_action_revised_v0_7_normalized_complex_explorer_low_structure_work_scenario_action_protocol_v0_7,candidate_scenario_action_revised_v0_7_normalized_complex_explorer_low_structure_work_scenario_action_protocol_selector_v0_7,application_matrix.scenario_action.complex_explorer_low_structure.work.scenario_action_protocol.revised_v0_7,scenario_registry,public_payload,"public_payload contains runtime_use,production_use_allowed,ready_for_pilot",Keep selector public payload reader-safe: candidate ref/title/summary only; move runtime flags to provenance/replacement_policy/internal metadata.
B5-SCENARIO_ACTION-0399,scenario_action,P0,selector_public_payload_runtime_flags,selector_asset,content_assets/big5/result_page_v2/agent_runs/scenario_action_revised_v0_7_normalized/selector_asset_candidates.jsonl,44,candidate_content_scenario_action_revised_v0_7_normalized_complex_explorer_low_structure_work_scenario_misread_and_repair_v0_7,candidate_scenario_action_revised_v0_7_normalized_complex_explorer_low_structure_work_scenario_misread_and_repair_selector_v0_7,application_matrix.scenario_action.complex_explorer_low_structure.work.scenario_misread_and_repair.revised_v0_7,scenario_registry,public_payload,"public_payload contains runtime_use,production_use_allowed,ready_for_pilot",Keep selector public payload reader-safe: candidate ref/title/summary only; move runtime flags to provenance/replacement_policy/internal metadata.
B5-SCENARIO_ACTION-0400,scenario_action,P0,selector_public_payload_runtime_flags,selector_asset,content_assets/big5/result_page_v2/agent_runs/scenario_action_revised_v0_7_normalized/selector_asset_candidates.jsonl,45,candidate_content_scenario_action_revised_v0_7_normalized_complex_explorer_low_structure_relationship_scenario_core_pattern_v0_7,candidate_scenario_action_revised_v0_7_normalized_complex_explorer_low_structure_relationship_scenario_core_pattern_selector_v0_7,application_matrix.scenario_action.complex_explorer_low_structure.relationship.scenario_core_pattern.revised_v0_7,scenario_registry,public_payload,"public_payload contains runtime_use,production_use_allowed,ready_for_pilot",Keep selector public payload reader-safe: candidate ref/title/summary only; move runtime flags to provenance/replacement_policy/internal metadata.
B5-SCENARIO_ACTION-0401,scenario_action,P0,selector_public_payload_runtime_flags,selector_asset,content_assets/big5/result_page_v2/agent_runs/scenario_action_revised_v0_7_normalized/selector_asset_candidates.jsonl,46,candidate_content_scenario_action_revised_v0_7_normalized_complex_explorer_low_structure_relationship_scenario_strength_and_risk_v0_7,candidate_scenario_action_revised_v0_7_normalized_complex_explorer_low_structure_relationship_scenario_strength_and_risk_selector_v0_7,application_matrix.scenario_action.complex_explorer_low_structure.relationship.scenario_strength_and_risk.revised_v0_7,scenario_registry,public_payload,"public_payload contains runtime_use,production_use_allowed,ready_for_pilot",Keep selector public payload reader-safe: candidate ref/title/summary only; move runtime flags to provenance/replacement_policy/internal metadata.
B5-SCENARIO_ACTION-0402,scenario_action,P0,selector_public_payload_runtime_flags,selector_asset,content_assets/big5/result_page_v2/agent_runs/scenario_action_revised_v0_7_normalized/selector_asset_candidates.jsonl,47,candidate_content_scenario_action_revised_v0_7_normalized_complex_explorer_low_structure_relationship_scenario_action_protocol_v0_7,candidate_scenario_action_revised_v0_7_normalized_complex_explorer_low_structure_relationship_scenario_action_protocol_selector_v0_7,application_matrix.scenario_action.complex_explorer_low_structure.relationship.scenario_action_protocol.revised_v0_7,scenario_registry,public_payload,"public_payload contains runtime_use,production_use_allowed,ready_for_pilot",Keep selector public payload reader-safe: candidate ref/title/summary only; move runtime flags to provenance/replacement_policy/internal metadata.
B5-SCENARIO_ACTION-0403,scenario_action,P0,selector_public_payload_runtime_flags,selector_asset,content_assets/big5/result_page_v2/agent_runs/scenario_action_revised_v0_7_normalized/selector_asset_candidates.jsonl,48,candidate_content_scenario_action_revised_v0_7_normalized_complex_explorer_low_structure_relationship_scenario_misread_and_repair_v0_7,candidate_scenario_action_revised_v0_7_normalized_complex_explorer_low_structure_relationship_scenario_misread_and_repair_selector_v0_7,application_matrix.scenario_action.complex_explorer_low_structure.relationship.scenario_misread_and_repair.revised_v0_7,scenario_registry,public_payload,"public_payload contains runtime_use,production_use_allowed,ready_for_pilot",Keep selector public payload reader-safe: candidate ref/title/summary only; move runtime flags to provenance/replacement_policy/internal metadata.
B5-SCENARIO_ACTION-0404,scenario_action,P0,selector_public_payload_runtime_flags,selector_asset,content_assets/big5/result_page_v2/agent_runs/scenario_action_revised_v0_7_normalized/selector_asset_candidates.jsonl,49,candidate_content_scenario_action_revised_v0_7_normalized_complex_explorer_low_structure_stress_scenario_core_pattern_v0_7,candidate_scenario_action_revised_v0_7_normalized_complex_explorer_low_structure_stress_scenario_core_pattern_selector_v0_7,application_matrix.scenario_action.complex_explorer_low_structure.stress.scenario_core_pattern.revised_v0_7,scenario_registry,public_payload,"public_payload contains runtime_use,production_use_allowed,ready_for_pilot",Keep selector public payload reader-safe: candidate ref/title/summary only; move runtime flags to provenance/replacement_policy/internal metadata.
B5-SCENARIO_ACTION-0405,scenario_action,P0,selector_public_payload_runtime_flags,selector_asset,content_assets/big5/result_page_v2/agent_runs/scenario_action_revised_v0_7_normalized/selector_asset_candidates.jsonl,50,candidate_content_scenario_action_revised_v0_7_normalized_complex_explorer_low_structure_stress_scenario_strength_and_risk_v0_7,candidate_scenario_action_revised_v0_7_normalized_complex_explorer_low_structure_stress_scenario_strength_and_risk_selector_v0_7,application_matrix.scenario_action.complex_explorer_low_structure.stress.scenario_strength_and_risk.revised_v0_7,scenario_registry,public_payload,"public_payload contains runtime_use,production_use_allowed,ready_for_pilot",Keep selector public payload reader-safe: candidate ref/title/summary only; move runtime flags to provenance/replacement_policy/internal metadata.
B5-SCENARIO_ACTION-0406,scenario_action,P0,selector_public_payload_runtime_flags,selector_asset,content_assets/big5/result_page_v2/agent_runs/scenario_action_revised_v0_7_normalized/selector_asset_candidates.jsonl,51,candidate_content_scenario_action_revised_v0_7_normalized_complex_explorer_low_structure_stress_scenario_action_protocol_v0_7,candidate_scenario_action_revised_v0_7_normalized_complex_explorer_low_structure_stress_scenario_action_protocol_selector_v0_7,application_matrix.scenario_action.complex_explorer_low_structure.stress.scenario_action_protocol.revised_v0_7,scenario_registry,public_payload,"public_payload contains runtime_use,production_use_allowed,ready_for_pilot",Keep selector public payload reader-safe: candidate ref/title/summary only; move runtime flags to provenance/replacement_policy/internal metadata.
B5-SCENARIO_ACTION-0407,scenario_action,P0,selector_public_payload_runtime_flags,selector_asset,content_assets/big5/result_page_v2/agent_runs/scenario_action_revised_v0_7_normalized/selector_asset_candidates.jsonl,52,candidate_content_scenario_action_revised_v0_7_normalized_complex_explorer_low_structure_stress_scenario_misread_and_repair_v0_7,candidate_scenario_action_revised_v0_7_normalized_complex_explorer_low_structure_stress_scenario_misread_and_repair_selector_v0_7,application_matrix.scenario_action.complex_explorer_low_structure.stress.scenario_misread_and_repair.revised_v0_7,scenario_registry,public_payload,"public_payload contains runtime_use,production_use_allowed,ready_for_pilot",Keep selector public payload reader-safe: candidate ref/title/summary only; move runtime flags to provenance/replacement_policy/internal metadata.
B5-SCENARIO_ACTION-0408,scenario_action,P0,selector_public_payload_runtime_flags,selector_asset,content_assets/big5/result_page_v2/agent_runs/scenario_action_revised_v0_7_normalized/selector_asset_candidates.jsonl,53,candidate_content_scenario_action_revised_v0_7_normalized_complex_explorer_low_structure_growth_scenario_core_pattern_v0_7,candidate_scenario_action_revised_v0_7_normalized_complex_explorer_low_structure_growth_scenario_core_pattern_selector_v0_7,application_matrix.scenario_action.complex_explorer_low_structure.growth.scenario_core_pattern.revised_v0_7,scenario_registry,public_payload,"public_payload contains runtime_use,production_use_allowed,ready_for_pilot",Keep selector public payload reader-safe: candidate ref/title/summary only; move runtime flags to provenance/replacement_policy/internal metadata.
B5-SCENARIO_ACTION-0409,scenario_action,P0,selector_public_payload_runtime_flags,selector_asset,content_assets/big5/result_page_v2/agent_runs/scenario_action_revised_v0_7_normalized/selector_asset_candidates.jsonl,54,candidate_content_scenario_action_revised_v0_7_normalized_complex_explorer_low_structure_growth_scenario_strength_and_risk_v0_7,candidate_scenario_action_revised_v0_7_normalized_complex_explorer_low_structure_growth_scenario_strength_and_risk_selector_v0_7,application_matrix.scenario_action.complex_explorer_low_structure.growth.scenario_strength_and_risk.revised_v0_7,scenario_registry,public_payload,"public_payload contains runtime_use,production_use_allowed,ready_for_pilot",Keep selector public payload reader-safe: candidate ref/title/summary only; move runtime flags to provenance/replacement_policy/internal metadata.
B5-SCENARIO_ACTION-0410,scenario_action,P0,selector_public_payload_runtime_flags,selector_asset,content_assets/big5/result_page_v2/agent_runs/scenario_action_revised_v0_7_normalized/selector_asset_candidates.jsonl,55,candidate_content_scenario_action_revised_v0_7_normalized_complex_explorer_low_structure_growth_scenario_action_protocol_v0_7,candidate_scenario_action_revised_v0_7_normalized_complex_explorer_low_structure_growth_scenario_action_protocol_selector_v0_7,application_matrix.scenario_action.complex_explorer_low_structure.growth.scenario_action_protocol.revised_v0_7,scenario_registry,public_payload,"public_payload contains runtime_use,production_use_allowed,ready_for_pilot",Keep selector public payload reader-safe: candidate ref/title/summary only; move runtime flags to provenance/replacement_policy/internal metadata.
B5-SCENARIO_ACTION-0411,scenario_action,P0,selector_public_payload_runtime_flags,selector_asset,content_assets/big5/result_page_v2/agent_runs/scenario_action_revised_v0_7_normalized/selector_asset_candidates.jsonl,56,candidate_content_scenario_action_revised_v0_7_normalized_complex_explorer_low_structure_growth_scenario_misread_and_repair_v0_7,candidate_scenario_action_revised_v0_7_normalized_complex_explorer_low_structure_growth_scenario_misread_and_repair_selector_v0_7,application_matrix.scenario_action.complex_explorer_low_structure.growth.scenario_misread_and_repair.revised_v0_7,scenario_registry,public_payload,"public_payload contains runtime_use,production_use_allowed,ready_for_pilot",Keep selector public payload reader-safe: candidate ref/title/summary only; move runtime flags to provenance/replacement_policy/internal metadata.
B5-SCENARIO_ACTION-0412,scenario_action,P0,selector_public_payload_runtime_flags,selector_asset,content_assets/big5/result_page_v2/agent_runs/scenario_action_revised_v0_7_normalized/selector_asset_candidates.jsonl,57,candidate_content_scenario_action_revised_v0_7_normalized_complex_explorer_low_structure_collaboration_scenario_core_pattern_v0_7,candidate_scenario_action_revised_v0_7_normalized_complex_explorer_low_structure_collaboration_scenario_core_pattern_selector_v0_7,collaboration_manual.scenario_action.complex_explorer_low_structure.collaboration.scenario_core_pattern.revised_v0_7,scenario_registry,public_payload,"public_payload contains runtime_use,production_use_allowed,ready_for_pilot",Keep selector public payload reader-safe: candidate ref/title/summary only; move runtime flags to provenance/replacement_policy/internal metadata.
B5-SCENARIO_ACTION-0413,scenario_action,P0,selector_public_payload_runtime_flags,selector_asset,content_assets/big5/result_page_v2/agent_runs/scenario_action_revised_v0_7_normalized/selector_asset_candidates.jsonl,58,candidate_content_scenario_action_revised_v0_7_normalized_complex_explorer_low_structure_collaboration_scenario_strength_and_risk_v0_7,candidate_scenario_action_revised_v0_7_normalized_complex_explorer_low_structure_collaboration_scenario_strength_and_risk_selector_v0_7,collaboration_manual.scenario_action.complex_explorer_low_structure.collaboration.scenario_strength_and_risk.revised_v0_7,scenario_registry,public_payload,"public_payload contains runtime_use,production_use_allowed,ready_for_pilot",Keep selector public payload reader-safe: candidate ref/title/summary only; move runtime flags to provenance/replacement_policy/internal metadata.
B5-SCENARIO_ACTION-0414,scenario_action,P0,selector_public_payload_runtime_flags,selector_asset,content_assets/big5/result_page_v2/agent_runs/scenario_action_revised_v0_7_normalized/selector_asset_candidates.jsonl,59,candidate_content_scenario_action_revised_v0_7_normalized_complex_explorer_low_structure_collaboration_scenario_action_protocol_v0_7,candidate_scenario_action_revised_v0_7_normalized_complex_explorer_low_structure_collaboration_scenario_action_protocol_selector_v0_7,collaboration_manual.scenario_action.complex_explorer_low_structure.collaboration.scenario_action_protocol.revised_v0_7,scenario_registry,public_payload,"public_payload contains runtime_use,production_use_allowed,ready_for_pilot",Keep selector public payload reader-safe: candidate ref/title/summary only; move runtime flags to provenance/replacement_policy/internal metadata.
B5-SCENARIO_ACTION-0415,scenario_action,P0,selector_public_payload_runtime_flags,selector_asset,content_assets/big5/result_page_v2/agent_runs/scenario_action_revised_v0_7_normalized/selector_asset_candidates.jsonl,60,candidate_content_scenario_action_revised_v0_7_normalized_complex_explorer_low_structure_collaboration_scenario_misread_and_repair_v0_7,candidate_scenario_action_revised_v0_7_normalized_complex_explorer_low_structure_collaboration_scenario_misread_and_repair_selector_v0_7,collaboration_manual.scenario_action.complex_explorer_low_structure.collaboration.scenario_misread_and_repair.revised_v0_7,scenario_registry,public_payload,"public_payload contains runtime_use,production_use_allowed,ready_for_pilot",Keep selector public payload reader-safe: candidate ref/title/summary only; move runtime flags to provenance/replacement_policy/internal metadata.
B5-SCENARIO_ACTION-0416,scenario_action,P0,selector_public_payload_runtime_flags,selector_asset,content_assets/big5/result_page_v2/agent_runs/scenario_action_revised_v0_7_normalized/selector_asset_candidates.jsonl,61,candidate_content_scenario_action_revised_v0_7_normalized_quiet_deep_worker_work_scenario_core_pattern_v0_7,candidate_scenario_action_revised_v0_7_normalized_quiet_deep_worker_work_scenario_core_pattern_selector_v0_7,application_matrix.scenario_action.quiet_deep_worker.work.scenario_core_pattern.revised_v0_7,scenario_registry,public_payload,"public_payload contains runtime_use,production_use_allowed,ready_for_pilot",Keep selector public payload reader-safe: candidate ref/title/summary only; move runtime flags to provenance/replacement_policy/internal metadata.
B5-SCENARIO_ACTION-0417,scenario_action,P0,selector_public_payload_runtime_flags,selector_asset,content_assets/big5/result_page_v2/agent_runs/scenario_action_revised_v0_7_normalized/selector_asset_candidates.jsonl,62,candidate_content_scenario_action_revised_v0_7_normalized_quiet_deep_worker_work_scenario_strength_and_risk_v0_7,candidate_scenario_action_revised_v0_7_normalized_quiet_deep_worker_work_scenario_strength_and_risk_selector_v0_7,application_matrix.scenario_action.quiet_deep_worker.work.scenario_strength_and_risk.revised_v0_7,scenario_registry,public_payload,"public_payload contains runtime_use,production_use_allowed,ready_for_pilot",Keep selector public payload reader-safe: candidate ref/title/summary only; move runtime flags to provenance/replacement_policy/internal metadata.
B5-SCENARIO_ACTION-0418,scenario_action,P0,selector_public_payload_runtime_flags,selector_asset,content_assets/big5/result_page_v2/agent_runs/scenario_action_revised_v0_7_normalized/selector_asset_candidates.jsonl,63,candidate_content_scenario_action_revised_v0_7_normalized_quiet_deep_worker_work_scenario_action_protocol_v0_7,candidate_scenario_action_revised_v0_7_normalized_quiet_deep_worker_work_scenario_action_protocol_selector_v0_7,application_matrix.scenario_action.quiet_deep_worker.work.scenario_action_protocol.revised_v0_7,scenario_registry,public_payload,"public_payload contains runtime_use,production_use_allowed,ready_for_pilot",Keep selector public payload reader-safe: candidate ref/title/summary only; move runtime flags to provenance/replacement_policy/internal metadata.
B5-SCENARIO_ACTION-0419,scenario_action,P0,selector_public_payload_runtime_flags,selector_asset,content_assets/big5/result_page_v2/agent_runs/scenario_action_revised_v0_7_normalized/selector_asset_candidates.jsonl,64,candidate_content_scenario_action_revised_v0_7_normalized_quiet_deep_worker_work_scenario_misread_and_repair_v0_7,candidate_scenario_action_revised_v0_7_normalized_quiet_deep_worker_work_scenario_misread_and_repair_selector_v0_7,application_matrix.scenario_action.quiet_deep_worker.work.scenario_misread_and_repair.revised_v0_7,scenario_registry,public_payload,"public_payload contains runtime_use,production_use_allowed,ready_for_pilot",Keep selector public payload reader-safe: candidate ref/title/summary only; move runtime flags to provenance/replacement_policy/internal metadata.
B5-SCENARIO_ACTION-0420,scenario_action,P0,selector_public_payload_runtime_flags,selector_asset,content_assets/big5/result_page_v2/agent_runs/scenario_action_revised_v0_7_normalized/selector_asset_candidates.jsonl,65,candidate_content_scenario_action_revised_v0_7_normalized_quiet_deep_worker_relationship_scenario_core_pattern_v0_7,candidate_scenario_action_revised_v0_7_normalized_quiet_deep_worker_relationship_scenario_core_pattern_selector_v0_7,application_matrix.scenario_action.quiet_deep_worker.relationship.scenario_core_pattern.revised_v0_7,scenario_registry,public_payload,"public_payload contains runtime_use,production_use_allowed,ready_for_pilot",Keep selector public payload reader-safe: candidate ref/title/summary only; move runtime flags to provenance/replacement_policy/internal metadata.
B5-SCENARIO_ACTION-0421,scenario_action,P0,selector_public_payload_runtime_flags,selector_asset,content_assets/big5/result_page_v2/agent_runs/scenario_action_revised_v0_7_normalized/selector_asset_candidates.jsonl,66,candidate_content_scenario_action_revised_v0_7_normalized_quiet_deep_worker_relationship_scenario_strength_and_risk_v0_7,candidate_scenario_action_revised_v0_7_normalized_quiet_deep_worker_relationship_scenario_strength_and_risk_selector_v0_7,application_matrix.scenario_action.quiet_deep_worker.relationship.scenario_strength_and_risk.revised_v0_7,scenario_registry,public_payload,"public_payload contains runtime_use,production_use_allowed,ready_for_pilot",Keep selector public payload reader-safe: candidate ref/title/summary only; move runtime flags to provenance/replacement_policy/internal metadata.
B5-SCENARIO_ACTION-0422,scenario_action,P0,selector_public_payload_runtime_flags,selector_asset,content_assets/big5/result_page_v2/agent_runs/scenario_action_revised_v0_7_normalized/selector_asset_candidates.jsonl,67,candidate_content_scenario_action_revised_v0_7_normalized_quiet_deep_worker_relationship_scenario_action_protocol_v0_7,candidate_scenario_action_revised_v0_7_normalized_quiet_deep_worker_relationship_scenario_action_protocol_selector_v0_7,application_matrix.scenario_action.quiet_deep_worker.relationship.scenario_action_protocol.revised_v0_7,scenario_registry,public_payload,"public_payload contains runtime_use,production_use_allowed,ready_for_pilot",Keep selector public payload reader-safe: candidate ref/title/summary only; move runtime flags to provenance/replacement_policy/internal metadata.
B5-SCENARIO_ACTION-0423,scenario_action,P0,selector_public_payload_runtime_flags,selector_asset,content_assets/big5/result_page_v2/agent_runs/scenario_action_revised_v0_7_normalized/selector_asset_candidates.jsonl,68,candidate_content_scenario_action_revised_v0_7_normalized_quiet_deep_worker_relationship_scenario_misread_and_repair_v0_7,candidate_scenario_action_revised_v0_7_normalized_quiet_deep_worker_relationship_scenario_misread_and_repair_selector_v0_7,application_matrix.scenario_action.quiet_deep_worker.relationship.scenario_misread_and_repair.revised_v0_7,scenario_registry,public_payload,"public_payload contains runtime_use,production_use_allowed,ready_for_pilot",Keep selector public payload reader-safe: candidate ref/title/summary only; move runtime flags to provenance/replacement_policy/internal metadata.
B5-SCENARIO_ACTION-0424,scenario_action,P0,selector_public_payload_runtime_flags,selector_asset,content_assets/big5/result_page_v2/agent_runs/scenario_action_revised_v0_7_normalized/selector_asset_candidates.jsonl,69,candidate_content_scenario_action_revised_v0_7_normalized_quiet_deep_worker_stress_scenario_core_pattern_v0_7,candidate_scenario_action_revised_v0_7_normalized_quiet_deep_worker_stress_scenario_core_pattern_selector_v0_7,application_matrix.scenario_action.quiet_deep_worker.stress.scenario_core_pattern.revised_v0_7,scenario_registry,public_payload,"public_payload contains runtime_use,production_use_allowed,ready_for_pilot",Keep selector public payload reader-safe: candidate ref/title/summary only; move runtime flags to provenance/replacement_policy/internal metadata.
B5-SCENARIO_ACTION-0425,scenario_action,P0,selector_public_payload_runtime_flags,selector_asset,content_assets/big5/result_page_v2/agent_runs/scenario_action_revised_v0_7_normalized/selector_asset_candidates.jsonl,70,candidate_content_scenario_action_revised_v0_7_normalized_quiet_deep_worker_stress_scenario_strength_and_risk_v0_7,candidate_scenario_action_revised_v0_7_normalized_quiet_deep_worker_stress_scenario_strength_and_risk_selector_v0_7,application_matrix.scenario_action.quiet_deep_worker.stress.scenario_strength_and_risk.revised_v0_7,scenario_registry,public_payload,"public_payload contains runtime_use,production_use_allowed,ready_for_pilot",Keep selector public payload reader-safe: candidate ref/title/summary only; move runtime flags to provenance/replacement_policy/internal metadata.
B5-SCENARIO_ACTION-0426,scenario_action,P0,selector_public_payload_runtime_flags,selector_asset,content_assets/big5/result_page_v2/agent_runs/scenario_action_revised_v0_7_normalized/selector_asset_candidates.jsonl,71,candidate_content_scenario_action_revised_v0_7_normalized_quiet_deep_worker_stress_scenario_action_protocol_v0_7,candidate_scenario_action_revised_v0_7_normalized_quiet_deep_worker_stress_scenario_action_protocol_selector_v0_7,application_matrix.scenario_action.quiet_deep_worker.stress.scenario_action_protocol.revised_v0_7,scenario_registry,public_payload,"public_payload contains runtime_use,production_use_allowed,ready_for_pilot",Keep selector public payload reader-safe: candidate ref/title/summary only; move runtime flags to provenance/replacement_policy/internal metadata.
B5-SCENARIO_ACTION-0427,scenario_action,P0,selector_public_payload_runtime_flags,selector_asset,content_assets/big5/result_page_v2/agent_runs/scenario_action_revised_v0_7_normalized/selector_asset_candidates.jsonl,72,candidate_content_scenario_action_revised_v0_7_normalized_quiet_deep_worker_stress_scenario_misread_and_repair_v0_7,candidate_scenario_action_revised_v0_7_normalized_quiet_deep_worker_stress_scenario_misread_and_repair_selector_v0_7,application_matrix.scenario_action.quiet_deep_worker.stress.scenario_misread_and_repair.revised_v0_7,scenario_registry,public_payload,"public_payload contains runtime_use,production_use_allowed,ready_for_pilot",Keep selector public payload reader-safe: candidate ref/title/summary only; move runtime flags to provenance/replacement_policy/internal metadata.
B5-SCENARIO_ACTION-0428,scenario_action,P0,selector_public_payload_runtime_flags,selector_asset,content_assets/big5/result_page_v2/agent_runs/scenario_action_revised_v0_7_normalized/selector_asset_candidates.jsonl,73,candidate_content_scenario_action_revised_v0_7_normalized_quiet_deep_worker_growth_scenario_core_pattern_v0_7,candidate_scenario_action_revised_v0_7_normalized_quiet_deep_worker_growth_scenario_core_pattern_selector_v0_7,application_matrix.scenario_action.quiet_deep_worker.growth.scenario_core_pattern.revised_v0_7,scenario_registry,public_payload,"public_payload contains runtime_use,production_use_allowed,ready_for_pilot",Keep selector public payload reader-safe: candidate ref/title/summary only; move runtime flags to provenance/replacement_policy/internal metadata.
B5-SCENARIO_ACTION-0429,scenario_action,P0,selector_public_payload_runtime_flags,selector_asset,content_assets/big5/result_page_v2/agent_runs/scenario_action_revised_v0_7_normalized/selector_asset_candidates.jsonl,74,candidate_content_scenario_action_revised_v0_7_normalized_quiet_deep_worker_growth_scenario_strength_and_risk_v0_7,candidate_scenario_action_revised_v0_7_normalized_quiet_deep_worker_growth_scenario_strength_and_risk_selector_v0_7,application_matrix.scenario_action.quiet_deep_worker.growth.scenario_strength_and_risk.revised_v0_7,scenario_registry,public_payload,"public_payload contains runtime_use,production_use_allowed,ready_for_pilot",Keep selector public payload reader-safe: candidate ref/title/summary only; move runtime flags to provenance/replacement_policy/internal metadata.
B5-SCENARIO_ACTION-0430,scenario_action,P0,selector_public_payload_runtime_flags,selector_asset,content_assets/big5/result_page_v2/agent_runs/scenario_action_revised_v0_7_normalized/selector_asset_candidates.jsonl,75,candidate_content_scenario_action_revised_v0_7_normalized_quiet_deep_worker_growth_scenario_action_protocol_v0_7,candidate_scenario_action_revised_v0_7_normalized_quiet_deep_worker_growth_scenario_action_protocol_selector_v0_7,application_matrix.scenario_action.quiet_deep_worker.growth.scenario_action_protocol.revised_v0_7,scenario_registry,public_payload,"public_payload contains runtime_use,production_use_allowed,ready_for_pilot",Keep selector public payload reader-safe: candidate ref/title/summary only; move runtime flags to provenance/replacement_policy/internal metadata.
B5-SCENARIO_ACTION-0431,scenario_action,P0,selector_public_payload_runtime_flags,selector_asset,content_assets/big5/result_page_v2/agent_runs/scenario_action_revised_v0_7_normalized/selector_asset_candidates.jsonl,76,candidate_content_scenario_action_revised_v0_7_normalized_quiet_deep_worker_growth_scenario_misread_and_repair_v0_7,candidate_scenario_action_revised_v0_7_normalized_quiet_deep_worker_growth_scenario_misread_and_repair_selector_v0_7,application_matrix.scenario_action.quiet_deep_worker.growth.scenario_misread_and_repair.revised_v0_7,scenario_registry,public_payload,"public_payload contains runtime_use,production_use_allowed,ready_for_pilot",Keep selector public payload reader-safe: candidate ref/title/summary only; move runtime flags to provenance/replacement_policy/internal metadata.
B5-SCENARIO_ACTION-0432,scenario_action,P0,selector_public_payload_runtime_flags,selector_asset,content_assets/big5/result_page_v2/agent_runs/scenario_action_revised_v0_7_normalized/selector_asset_candidates.jsonl,77,candidate_content_scenario_action_revised_v0_7_normalized_quiet_deep_worker_collaboration_scenario_core_pattern_v0_7,candidate_scenario_action_revised_v0_7_normalized_quiet_deep_worker_collaboration_scenario_core_pattern_selector_v0_7,collaboration_manual.scenario_action.quiet_deep_worker.collaboration.scenario_core_pattern.revised_v0_7,scenario_registry,public_payload,"public_payload contains runtime_use,production_use_allowed,ready_for_pilot",Keep selector public payload reader-safe: candidate ref/title/summary only; move runtime flags to provenance/replacement_policy/internal metadata.
B5-SCENARIO_ACTION-0433,scenario_action,P0,selector_public_payload_runtime_flags,selector_asset,content_assets/big5/result_page_v2/agent_runs/scenario_action_revised_v0_7_normalized/selector_asset_candidates.jsonl,78,candidate_content_scenario_action_revised_v0_7_normalized_quiet_deep_worker_collaboration_scenario_strength_and_risk_v0_7,candidate_scenario_action_revised_v0_7_normalized_quiet_deep_worker_collaboration_scenario_strength_and_risk_selector_v0_7,collaboration_manual.scenario_action.quiet_deep_worker.collaboration.scenario_strength_and_risk.revised_v0_7,scenario_registry,public_payload,"public_payload contains runtime_use,production_use_allowed,ready_for_pilot",Keep selector public payload reader-safe: candidate ref/title/summary only; move runtime flags to provenance/replacement_policy/internal metadata.
B5-SCENARIO_ACTION-0434,scenario_action,P0,selector_public_payload_runtime_flags,selector_asset,content_assets/big5/result_page_v2/agent_runs/scenario_action_revised_v0_7_normalized/selector_asset_candidates.jsonl,79,candidate_content_scenario_action_revised_v0_7_normalized_quiet_deep_worker_collaboration_scenario_action_protocol_v0_7,candidate_scenario_action_revised_v0_7_normalized_quiet_deep_worker_collaboration_scenario_action_protocol_selector_v0_7,collaboration_manual.scenario_action.quiet_deep_worker.collaboration.scenario_action_protocol.revised_v0_7,scenario_registry,public_payload,"public_payload contains runtime_use,production_use_allowed,ready_for_pilot",Keep selector public payload reader-safe: candidate ref/title/summary only; move runtime flags to provenance/replacement_policy/internal metadata.
B5-SCENARIO_ACTION-0435,scenario_action,P0,selector_public_payload_runtime_flags,selector_asset,content_assets/big5/result_page_v2/agent_runs/scenario_action_revised_v0_7_normalized/selector_asset_candidates.jsonl,80,candidate_content_scenario_action_revised_v0_7_normalized_quiet_deep_worker_collaboration_scenario_misread_and_repair_v0_7,candidate_scenario_action_revised_v0_7_normalized_quiet_deep_worker_collaboration_scenario_misread_and_repair_selector_v0_7,collaboration_manual.scenario_action.quiet_deep_worker.collaboration.scenario_misread_and_repair.revised_v0_7,scenario_registry,public_payload,"public_payload contains runtime_use,production_use_allowed,ready_for_pilot",Keep selector public payload reader-safe: candidate ref/title/summary only; move runtime flags to provenance/replacement_policy/internal metadata.
B5-SCENARIO_ACTION-0436,scenario_action,P0,selector_public_payload_runtime_flags,selector_asset,content_assets/big5/result_page_v2/agent_runs/scenario_action_revised_v0_7_normalized/selector_asset_candidates.jsonl,81,candidate_content_scenario_action_revised_v0_7_normalized_connective_coordinator_work_scenario_core_pattern_v0_7,candidate_scenario_action_revised_v0_7_normalized_connective_coordinator_work_scenario_core_pattern_selector_v0_7,application_matrix.scenario_action.connective_coordinator.work.scenario_core_pattern.revised_v0_7,scenario_registry,public_payload,"public_payload contains runtime_use,production_use_allowed,ready_for_pilot",Keep selector public payload reader-safe: candidate ref/title/summary only; move runtime flags to provenance/replacement_policy/internal metadata.
B5-SCENARIO_ACTION-0437,scenario_action,P0,selector_public_payload_runtime_flags,selector_asset,content_assets/big5/result_page_v2/agent_runs/scenario_action_revised_v0_7_normalized/selector_asset_candidates.jsonl,82,candidate_content_scenario_action_revised_v0_7_normalized_connective_coordinator_work_scenario_strength_and_risk_v0_7,candidate_scenario_action_revised_v0_7_normalized_connective_coordinator_work_scenario_strength_and_risk_selector_v0_7,application_matrix.scenario_action.connective_coordinator.work.scenario_strength_and_risk.revised_v0_7,scenario_registry,public_payload,"public_payload contains runtime_use,production_use_allowed,ready_for_pilot",Keep selector public payload reader-safe: candidate ref/title/summary only; move runtime flags to provenance/replacement_policy/internal metadata.
B5-SCENARIO_ACTION-0438,scenario_action,P0,selector_public_payload_runtime_flags,selector_asset,content_assets/big5/result_page_v2/agent_runs/scenario_action_revised_v0_7_normalized/selector_asset_candidates.jsonl,83,candidate_content_scenario_action_revised_v0_7_normalized_connective_coordinator_work_scenario_action_protocol_v0_7,candidate_scenario_action_revised_v0_7_normalized_connective_coordinator_work_scenario_action_protocol_selector_v0_7,application_matrix.scenario_action.connective_coordinator.work.scenario_action_protocol.revised_v0_7,scenario_registry,public_payload,"public_payload contains runtime_use,production_use_allowed,ready_for_pilot",Keep selector public payload reader-safe: candidate ref/title/summary only; move runtime flags to provenance/replacement_policy/internal metadata.
B5-SCENARIO_ACTION-0439,scenario_action,P0,selector_public_payload_runtime_flags,selector_asset,content_assets/big5/result_page_v2/agent_runs/scenario_action_revised_v0_7_normalized/selector_asset_candidates.jsonl,84,candidate_content_scenario_action_revised_v0_7_normalized_connective_coordinator_work_scenario_misread_and_repair_v0_7,candidate_scenario_action_revised_v0_7_normalized_connective_coordinator_work_scenario_misread_and_repair_selector_v0_7,application_matrix.scenario_action.connective_coordinator.work.scenario_misread_and_repair.revised_v0_7,scenario_registry,public_payload,"public_payload contains runtime_use,production_use_allowed,ready_for_pilot",Keep selector public payload reader-safe: candidate ref/title/summary only; move runtime flags to provenance/replacement_policy/internal metadata.
B5-SCENARIO_ACTION-0440,scenario_action,P0,selector_public_payload_runtime_flags,selector_asset,content_assets/big5/result_page_v2/agent_runs/scenario_action_revised_v0_7_normalized/selector_asset_candidates.jsonl,85,candidate_content_scenario_action_revised_v0_7_normalized_connective_coordinator_relationship_scenario_core_pattern_v0_7,candidate_scenario_action_revised_v0_7_normalized_connective_coordinator_relationship_scenario_core_pattern_selector_v0_7,application_matrix.scenario_action.connective_coordinator.relationship.scenario_core_pattern.revised_v0_7,scenario_registry,public_payload,"public_payload contains runtime_use,production_use_allowed,ready_for_pilot",Keep selector public payload reader-safe: candidate ref/title/summary only; move runtime flags to provenance/replacement_policy/internal metadata.
B5-SCENARIO_ACTION-0441,scenario_action,P0,selector_public_payload_runtime_flags,selector_asset,content_assets/big5/result_page_v2/agent_runs/scenario_action_revised_v0_7_normalized/selector_asset_candidates.jsonl,86,candidate_content_scenario_action_revised_v0_7_normalized_connective_coordinator_relationship_scenario_strength_and_risk_v0_7,candidate_scenario_action_revised_v0_7_normalized_connective_coordinator_relationship_scenario_strength_and_risk_selector_v0_7,application_matrix.scenario_action.connective_coordinator.relationship.scenario_strength_and_risk.revised_v0_7,scenario_registry,public_payload,"public_payload contains runtime_use,production_use_allowed,ready_for_pilot",Keep selector public payload reader-safe: candidate ref/title/summary only; move runtime flags to provenance/replacement_policy/internal metadata.
B5-SCENARIO_ACTION-0442,scenario_action,P0,selector_public_payload_runtime_flags,selector_asset,content_assets/big5/result_page_v2/agent_runs/scenario_action_revised_v0_7_normalized/selector_asset_candidates.jsonl,87,candidate_content_scenario_action_revised_v0_7_normalized_connective_coordinator_relationship_scenario_action_protocol_v0_7,candidate_scenario_action_revised_v0_7_normalized_connective_coordinator_relationship_scenario_action_protocol_selector_v0_7,application_matrix.scenario_action.connective_coordinator.relationship.scenario_action_protocol.revised_v0_7,scenario_registry,public_payload,"public_payload contains runtime_use,production_use_allowed,ready_for_pilot",Keep selector public payload reader-safe: candidate ref/title/summary only; move runtime flags to provenance/replacement_policy/internal metadata.
B5-SCENARIO_ACTION-0443,scenario_action,P0,selector_public_payload_runtime_flags,selector_asset,content_assets/big5/result_page_v2/agent_runs/scenario_action_revised_v0_7_normalized/selector_asset_candidates.jsonl,88,candidate_content_scenario_action_revised_v0_7_normalized_connective_coordinator_relationship_scenario_misread_and_repair_v0_7,candidate_scenario_action_revised_v0_7_normalized_connective_coordinator_relationship_scenario_misread_and_repair_selector_v0_7,application_matrix.scenario_action.connective_coordinator.relationship.scenario_misread_and_repair.revised_v0_7,scenario_registry,public_payload,"public_payload contains runtime_use,production_use_allowed,ready_for_pilot",Keep selector public payload reader-safe: candidate ref/title/summary only; move runtime flags to provenance/replacement_policy/internal metadata.
B5-SCENARIO_ACTION-0444,scenario_action,P0,selector_public_payload_runtime_flags,selector_asset,content_assets/big5/result_page_v2/agent_runs/scenario_action_revised_v0_7_normalized/selector_asset_candidates.jsonl,89,candidate_content_scenario_action_revised_v0_7_normalized_connective_coordinator_stress_scenario_core_pattern_v0_7,candidate_scenario_action_revised_v0_7_normalized_connective_coordinator_stress_scenario_core_pattern_selector_v0_7,application_matrix.scenario_action.connective_coordinator.stress.scenario_core_pattern.revised_v0_7,scenario_registry,public_payload,"public_payload contains runtime_use,production_use_allowed,ready_for_pilot",Keep selector public payload reader-safe: candidate ref/title/summary only; move runtime flags to provenance/replacement_policy/internal metadata.
B5-SCENARIO_ACTION-0445,scenario_action,P0,selector_public_payload_runtime_flags,selector_asset,content_assets/big5/result_page_v2/agent_runs/scenario_action_revised_v0_7_normalized/selector_asset_candidates.jsonl,90,candidate_content_scenario_action_revised_v0_7_normalized_connective_coordinator_stress_scenario_strength_and_risk_v0_7,candidate_scenario_action_revised_v0_7_normalized_connective_coordinator_stress_scenario_strength_and_risk_selector_v0_7,application_matrix.scenario_action.connective_coordinator.stress.scenario_strength_and_risk.revised_v0_7,scenario_registry,public_payload,"public_payload contains runtime_use,production_use_allowed,ready_for_pilot",Keep selector public payload reader-safe: candidate ref/title/summary only; move runtime flags to provenance/replacement_policy/internal metadata.
B5-SCENARIO_ACTION-0446,scenario_action,P0,selector_public_payload_runtime_flags,selector_asset,content_assets/big5/result_page_v2/agent_runs/scenario_action_revised_v0_7_normalized/selector_asset_candidates.jsonl,91,candidate_content_scenario_action_revised_v0_7_normalized_connective_coordinator_stress_scenario_action_protocol_v0_7,candidate_scenario_action_revised_v0_7_normalized_connective_coordinator_stress_scenario_action_protocol_selector_v0_7,application_matrix.scenario_action.connective_coordinator.stress.scenario_action_protocol.revised_v0_7,scenario_registry,public_payload,"public_payload contains runtime_use,production_use_allowed,ready_for_pilot",Keep selector public payload reader-safe: candidate ref/title/summary only; move runtime flags to provenance/replacement_policy/internal metadata.
B5-SCENARIO_ACTION-0447,scenario_action,P0,selector_public_payload_runtime_flags,selector_asset,content_assets/big5/result_page_v2/agent_runs/scenario_action_revised_v0_7_normalized/selector_asset_candidates.jsonl,92,candidate_content_scenario_action_revised_v0_7_normalized_connective_coordinator_stress_scenario_misread_and_repair_v0_7,candidate_scenario_action_revised_v0_7_normalized_connective_coordinator_stress_scenario_misread_and_repair_selector_v0_7,application_matrix.scenario_action.connective_coordinator.stress.scenario_misread_and_repair.revised_v0_7,scenario_registry,public_payload,"public_payload contains runtime_use,production_use_allowed,ready_for_pilot",Keep selector public payload reader-safe: candidate ref/title/summary only; move runtime flags to provenance/replacement_policy/internal metadata.
B5-SCENARIO_ACTION-0448,scenario_action,P0,selector_public_payload_runtime_flags,selector_asset,content_assets/big5/result_page_v2/agent_runs/scenario_action_revised_v0_7_normalized/selector_asset_candidates.jsonl,93,candidate_content_scenario_action_revised_v0_7_normalized_connective_coordinator_growth_scenario_core_pattern_v0_7,candidate_scenario_action_revised_v0_7_normalized_connective_coordinator_growth_scenario_core_pattern_selector_v0_7,application_matrix.scenario_action.connective_coordinator.growth.scenario_core_pattern.revised_v0_7,scenario_registry,public_payload,"public_payload contains runtime_use,production_use_allowed,ready_for_pilot",Keep selector public payload reader-safe: candidate ref/title/summary only; move runtime flags to provenance/replacement_policy/internal metadata.
B5-SCENARIO_ACTION-0449,scenario_action,P0,selector_public_payload_runtime_flags,selector_asset,content_assets/big5/result_page_v2/agent_runs/scenario_action_revised_v0_7_normalized/selector_asset_candidates.jsonl,94,candidate_content_scenario_action_revised_v0_7_normalized_connective_coordinator_growth_scenario_strength_and_risk_v0_7,candidate_scenario_action_revised_v0_7_normalized_connective_coordinator_growth_scenario_strength_and_risk_selector_v0_7,application_matrix.scenario_action.connective_coordinator.growth.scenario_strength_and_risk.revised_v0_7,scenario_registry,public_payload,"public_payload contains runtime_use,production_use_allowed,ready_for_pilot",Keep selector public payload reader-safe: candidate ref/title/summary only; move runtime flags to provenance/replacement_policy/internal metadata.
B5-SCENARIO_ACTION-0450,scenario_action,P0,selector_public_payload_runtime_flags,selector_asset,content_assets/big5/result_page_v2/agent_runs/scenario_action_revised_v0_7_normalized/selector_asset_candidates.jsonl,95,candidate_content_scenario_action_revised_v0_7_normalized_connective_coordinator_growth_scenario_action_protocol_v0_7,candidate_scenario_action_revised_v0_7_normalized_connective_coordinator_growth_scenario_action_protocol_selector_v0_7,application_matrix.scenario_action.connective_coordinator.growth.scenario_action_protocol.revised_v0_7,scenario_registry,public_payload,"public_payload contains runtime_use,production_use_allowed,ready_for_pilot",Keep selector public payload reader-safe: candidate ref/title/summary only; move runtime flags to provenance/replacement_policy/internal metadata.
B5-SCENARIO_ACTION-0451,scenario_action,P0,selector_public_payload_runtime_flags,selector_asset,content_assets/big5/result_page_v2/agent_runs/scenario_action_revised_v0_7_normalized/selector_asset_candidates.jsonl,96,candidate_content_scenario_action_revised_v0_7_normalized_connective_coordinator_growth_scenario_misread_and_repair_v0_7,candidate_scenario_action_revised_v0_7_normalized_connective_coordinator_growth_scenario_misread_and_repair_selector_v0_7,application_matrix.scenario_action.connective_coordinator.growth.scenario_misread_and_repair.revised_v0_7,scenario_registry,public_payload,"public_payload contains runtime_use,production_use_allowed,ready_for_pilot",Keep selector public payload reader-safe: candidate ref/title/summary only; move runtime flags to provenance/replacement_policy/internal metadata.
B5-SCENARIO_ACTION-0452,scenario_action,P0,selector_public_payload_runtime_flags,selector_asset,content_assets/big5/result_page_v2/agent_runs/scenario_action_revised_v0_7_normalized/selector_asset_candidates.jsonl,97,candidate_content_scenario_action_revised_v0_7_normalized_connective_coordinator_collaboration_scenario_core_pattern_v0_7,candidate_scenario_action_revised_v0_7_normalized_connective_coordinator_collaboration_scenario_core_pattern_selector_v0_7,collaboration_manual.scenario_action.connective_coordinator.collaboration.scenario_core_pattern.revised_v0_7,scenario_registry,public_payload,"public_payload contains runtime_use,production_use_allowed,ready_for_pilot",Keep selector public payload reader-safe: candidate ref/title/summary only; move runtime flags to provenance/replacement_policy/internal metadata.
B5-SCENARIO_ACTION-0453,scenario_action,P0,selector_public_payload_runtime_flags,selector_asset,content_assets/big5/result_page_v2/agent_runs/scenario_action_revised_v0_7_normalized/selector_asset_candidates.jsonl,98,candidate_content_scenario_action_revised_v0_7_normalized_connective_coordinator_collaboration_scenario_strength_and_risk_v0_7,candidate_scenario_action_revised_v0_7_normalized_connective_coordinator_collaboration_scenario_strength_and_risk_selector_v0_7,collaboration_manual.scenario_action.connective_coordinator.collaboration.scenario_strength_and_risk.revised_v0_7,scenario_registry,public_payload,"public_payload contains runtime_use,production_use_allowed,ready_for_pilot",Keep selector public payload reader-safe: candidate ref/title/summary only; move runtime flags to provenance/replacement_policy/internal metadata.
B5-SCENARIO_ACTION-0454,scenario_action,P0,selector_public_payload_runtime_flags,selector_asset,content_assets/big5/result_page_v2/agent_runs/scenario_action_revised_v0_7_normalized/selector_asset_candidates.jsonl,99,candidate_content_scenario_action_revised_v0_7_normalized_connective_coordinator_collaboration_scenario_action_protocol_v0_7,candidate_scenario_action_revised_v0_7_normalized_connective_coordinator_collaboration_scenario_action_protocol_selector_v0_7,collaboration_manual.scenario_action.connective_coordinator.collaboration.scenario_action_protocol.revised_v0_7,scenario_registry,public_payload,"public_payload contains runtime_use,production_use_allowed,ready_for_pilot",Keep selector public payload reader-safe: candidate ref/title/summary only; move runtime flags to provenance/replacement_policy/internal metadata.
B5-SCENARIO_ACTION-0455,scenario_action,P0,selector_public_payload_runtime_flags,selector_asset,content_assets/big5/result_page_v2/agent_runs/scenario_action_revised_v0_7_normalized/selector_asset_candidates.jsonl,100,candidate_content_scenario_action_revised_v0_7_normalized_connective_coordinator_collaboration_scenario_misread_and_repair_v0_7,candidate_scenario_action_revised_v0_7_normalized_connective_coordinator_collaboration_scenario_misread_and_repair_selector_v0_7,collaboration_manual.scenario_action.connective_coordinator.collaboration.scenario_misread_and_repair.revised_v0_7,scenario_registry,public_payload,"public_payload contains runtime_use,production_use_allowed,ready_for_pilot",Keep selector public payload reader-safe: candidate ref/title/summary only; move runtime flags to provenance/replacement_policy/internal metadata.
B5-SCENARIO_ACTION-0456,scenario_action,P0,selector_public_payload_runtime_flags,selector_asset,content_assets/big5/result_page_v2/agent_runs/scenario_action_revised_v0_7_normalized/selector_asset_candidates.jsonl,101,candidate_content_scenario_action_revised_v0_7_normalized_sharp_exploratory_driver_work_scenario_core_pattern_v0_7,candidate_scenario_action_revised_v0_7_normalized_sharp_exploratory_driver_work_scenario_core_pattern_selector_v0_7,application_matrix.scenario_action.sharp_exploratory_driver.work.scenario_core_pattern.revised_v0_7,scenario_registry,public_payload,"public_payload contains runtime_use,production_use_allowed,ready_for_pilot",Keep selector public payload reader-safe: candidate ref/title/summary only; move runtime flags to provenance/replacement_policy/internal metadata.
B5-SCENARIO_ACTION-0457,scenario_action,P0,selector_public_payload_runtime_flags,selector_asset,content_assets/big5/result_page_v2/agent_runs/scenario_action_revised_v0_7_normalized/selector_asset_candidates.jsonl,102,candidate_content_scenario_action_revised_v0_7_normalized_sharp_exploratory_driver_work_scenario_strength_and_risk_v0_7,candidate_scenario_action_revised_v0_7_normalized_sharp_exploratory_driver_work_scenario_strength_and_risk_selector_v0_7,application_matrix.scenario_action.sharp_exploratory_driver.work.scenario_strength_and_risk.revised_v0_7,scenario_registry,public_payload,"public_payload contains runtime_use,production_use_allowed,ready_for_pilot",Keep selector public payload reader-safe: candidate ref/title/summary only; move runtime flags to provenance/replacement_policy/internal metadata.
B5-SCENARIO_ACTION-0458,scenario_action,P0,selector_public_payload_runtime_flags,selector_asset,content_assets/big5/result_page_v2/agent_runs/scenario_action_revised_v0_7_normalized/selector_asset_candidates.jsonl,103,candidate_content_scenario_action_revised_v0_7_normalized_sharp_exploratory_driver_work_scenario_action_protocol_v0_7,candidate_scenario_action_revised_v0_7_normalized_sharp_exploratory_driver_work_scenario_action_protocol_selector_v0_7,application_matrix.scenario_action.sharp_exploratory_driver.work.scenario_action_protocol.revised_v0_7,scenario_registry,public_payload,"public_payload contains runtime_use,production_use_allowed,ready_for_pilot",Keep selector public payload reader-safe: candidate ref/title/summary only; move runtime flags to provenance/replacement_policy/internal metadata.
B5-SCENARIO_ACTION-0459,scenario_action,P0,selector_public_payload_runtime_flags,selector_asset,content_assets/big5/result_page_v2/agent_runs/scenario_action_revised_v0_7_normalized/selector_asset_candidates.jsonl,104,candidate_content_scenario_action_revised_v0_7_normalized_sharp_exploratory_driver_work_scenario_misread_and_repair_v0_7,candidate_scenario_action_revised_v0_7_normalized_sharp_exploratory_driver_work_scenario_misread_and_repair_selector_v0_7,application_matrix.scenario_action.sharp_exploratory_driver.work.scenario_misread_and_repair.revised_v0_7,scenario_registry,public_payload,"public_payload contains runtime_use,production_use_allowed,ready_for_pilot",Keep selector public payload reader-safe: candidate ref/title/summary only; move runtime flags to provenance/replacement_policy/internal metadata.
B5-SCENARIO_ACTION-0460,scenario_action,P0,selector_public_payload_runtime_flags,selector_asset,content_assets/big5/result_page_v2/agent_runs/scenario_action_revised_v0_7_normalized/selector_asset_candidates.jsonl,105,candidate_content_scenario_action_revised_v0_7_normalized_sharp_exploratory_driver_relationship_scenario_core_pattern_v0_7,candidate_scenario_action_revised_v0_7_normalized_sharp_exploratory_driver_relationship_scenario_core_pattern_selector_v0_7,application_matrix.scenario_action.sharp_exploratory_driver.relationship.scenario_core_pattern.revised_v0_7,scenario_registry,public_payload,"public_payload contains runtime_use,production_use_allowed,ready_for_pilot",Keep selector public payload reader-safe: candidate ref/title/summary only; move runtime flags to provenance/replacement_policy/internal metadata.
B5-SCENARIO_ACTION-0461,scenario_action,P0,selector_public_payload_runtime_flags,selector_asset,content_assets/big5/result_page_v2/agent_runs/scenario_action_revised_v0_7_normalized/selector_asset_candidates.jsonl,106,candidate_content_scenario_action_revised_v0_7_normalized_sharp_exploratory_driver_relationship_scenario_strength_and_risk_v0_7,candidate_scenario_action_revised_v0_7_normalized_sharp_exploratory_driver_relationship_scenario_strength_and_risk_selector_v0_7,application_matrix.scenario_action.sharp_exploratory_driver.relationship.scenario_strength_and_risk.revised_v0_7,scenario_registry,public_payload,"public_payload contains runtime_use,production_use_allowed,ready_for_pilot",Keep selector public payload reader-safe: candidate ref/title/summary only; move runtime flags to provenance/replacement_policy/internal metadata.
B5-SCENARIO_ACTION-0462,scenario_action,P0,selector_public_payload_runtime_flags,selector_asset,content_assets/big5/result_page_v2/agent_runs/scenario_action_revised_v0_7_normalized/selector_asset_candidates.jsonl,107,candidate_content_scenario_action_revised_v0_7_normalized_sharp_exploratory_driver_relationship_scenario_action_protocol_v0_7,candidate_scenario_action_revised_v0_7_normalized_sharp_exploratory_driver_relationship_scenario_action_protocol_selector_v0_7,application_matrix.scenario_action.sharp_exploratory_driver.relationship.scenario_action_protocol.revised_v0_7,scenario_registry,public_payload,"public_payload contains runtime_use,production_use_allowed,ready_for_pilot",Keep selector public payload reader-safe: candidate ref/title/summary only; move runtime flags to provenance/replacement_policy/internal metadata.
B5-SCENARIO_ACTION-0463,scenario_action,P0,selector_public_payload_runtime_flags,selector_asset,content_assets/big5/result_page_v2/agent_runs/scenario_action_revised_v0_7_normalized/selector_asset_candidates.jsonl,108,candidate_content_scenario_action_revised_v0_7_normalized_sharp_exploratory_driver_relationship_scenario_misread_and_repair_v0_7,candidate_scenario_action_revised_v0_7_normalized_sharp_exploratory_driver_relationship_scenario_misread_and_repair_selector_v0_7,application_matrix.scenario_action.sharp_exploratory_driver.relationship.scenario_misread_and_repair.revised_v0_7,scenario_registry,public_payload,"public_payload contains runtime_use,production_use_allowed,ready_for_pilot",Keep selector public payload reader-safe: candidate ref/title/summary only; move runtime flags to provenance/replacement_policy/internal metadata.
B5-SCENARIO_ACTION-0464,scenario_action,P0,selector_public_payload_runtime_flags,selector_asset,content_assets/big5/result_page_v2/agent_runs/scenario_action_revised_v0_7_normalized/selector_asset_candidates.jsonl,109,candidate_content_scenario_action_revised_v0_7_normalized_sharp_exploratory_driver_stress_scenario_core_pattern_v0_7,candidate_scenario_action_revised_v0_7_normalized_sharp_exploratory_driver_stress_scenario_core_pattern_selector_v0_7,application_matrix.scenario_action.sharp_exploratory_driver.stress.scenario_core_pattern.revised_v0_7,scenario_registry,public_payload,"public_payload contains runtime_use,production_use_allowed,ready_for_pilot",Keep selector public payload reader-safe: candidate ref/title/summary only; move runtime flags to provenance/replacement_policy/internal metadata.
B5-SCENARIO_ACTION-0465,scenario_action,P0,selector_public_payload_runtime_flags,selector_asset,content_assets/big5/result_page_v2/agent_runs/scenario_action_revised_v0_7_normalized/selector_asset_candidates.jsonl,110,candidate_content_scenario_action_revised_v0_7_normalized_sharp_exploratory_driver_stress_scenario_strength_and_risk_v0_7,candidate_scenario_action_revised_v0_7_normalized_sharp_exploratory_driver_stress_scenario_strength_and_risk_selector_v0_7,application_matrix.scenario_action.sharp_exploratory_driver.stress.scenario_strength_and_risk.revised_v0_7,scenario_registry,public_payload,"public_payload contains runtime_use,production_use_allowed,ready_for_pilot",Keep selector public payload reader-safe: candidate ref/title/summary only; move runtime flags to provenance/replacement_policy/internal metadata.
B5-SCENARIO_ACTION-0466,scenario_action,P0,selector_public_payload_runtime_flags,selector_asset,content_assets/big5/result_page_v2/agent_runs/scenario_action_revised_v0_7_normalized/selector_asset_candidates.jsonl,111,candidate_content_scenario_action_revised_v0_7_normalized_sharp_exploratory_driver_stress_scenario_action_protocol_v0_7,candidate_scenario_action_revised_v0_7_normalized_sharp_exploratory_driver_stress_scenario_action_protocol_selector_v0_7,application_matrix.scenario_action.sharp_exploratory_driver.stress.scenario_action_protocol.revised_v0_7,scenario_registry,public_payload,"public_payload contains runtime_use,production_use_allowed,ready_for_pilot",Keep selector public payload reader-safe: candidate ref/title/summary only; move runtime flags to provenance/replacement_policy/internal metadata.
B5-SCENARIO_ACTION-0467,scenario_action,P0,selector_public_payload_runtime_flags,selector_asset,content_assets/big5/result_page_v2/agent_runs/scenario_action_revised_v0_7_normalized/selector_asset_candidates.jsonl,112,candidate_content_scenario_action_revised_v0_7_normalized_sharp_exploratory_driver_stress_scenario_misread_and_repair_v0_7,candidate_scenario_action_revised_v0_7_normalized_sharp_exploratory_driver_stress_scenario_misread_and_repair_selector_v0_7,application_matrix.scenario_action.sharp_exploratory_driver.stress.scenario_misread_and_repair.revised_v0_7,scenario_registry,public_payload,"public_payload contains runtime_use,production_use_allowed,ready_for_pilot",Keep selector public payload reader-safe: candidate ref/title/summary only; move runtime flags to provenance/replacement_policy/internal metadata.
B5-SCENARIO_ACTION-0468,scenario_action,P0,selector_public_payload_runtime_flags,selector_asset,content_assets/big5/result_page_v2/agent_runs/scenario_action_revised_v0_7_normalized/selector_asset_candidates.jsonl,113,candidate_content_scenario_action_revised_v0_7_normalized_sharp_exploratory_driver_growth_scenario_core_pattern_v0_7,candidate_scenario_action_revised_v0_7_normalized_sharp_exploratory_driver_growth_scenario_core_pattern_selector_v0_7,application_matrix.scenario_action.sharp_exploratory_driver.growth.scenario_core_pattern.revised_v0_7,scenario_registry,public_payload,"public_payload contains runtime_use,production_use_allowed,ready_for_pilot",Keep selector public payload reader-safe: candidate ref/title/summary only; move runtime flags to provenance/replacement_policy/internal metadata.
B5-SCENARIO_ACTION-0469,scenario_action,P0,selector_public_payload_runtime_flags,selector_asset,content_assets/big5/result_page_v2/agent_runs/scenario_action_revised_v0_7_normalized/selector_asset_candidates.jsonl,114,candidate_content_scenario_action_revised_v0_7_normalized_sharp_exploratory_driver_growth_scenario_strength_and_risk_v0_7,candidate_scenario_action_revised_v0_7_normalized_sharp_exploratory_driver_growth_scenario_strength_and_risk_selector_v0_7,application_matrix.scenario_action.sharp_exploratory_driver.growth.scenario_strength_and_risk.revised_v0_7,scenario_registry,public_payload,"public_payload contains runtime_use,production_use_allowed,ready_for_pilot",Keep selector public payload reader-safe: candidate ref/title/summary only; move runtime flags to provenance/replacement_policy/internal metadata.
B5-SCENARIO_ACTION-0470,scenario_action,P0,selector_public_payload_runtime_flags,selector_asset,content_assets/big5/result_page_v2/agent_runs/scenario_action_revised_v0_7_normalized/selector_asset_candidates.jsonl,115,candidate_content_scenario_action_revised_v0_7_normalized_sharp_exploratory_driver_growth_scenario_action_protocol_v0_7,candidate_scenario_action_revised_v0_7_normalized_sharp_exploratory_driver_growth_scenario_action_protocol_selector_v0_7,application_matrix.scenario_action.sharp_exploratory_driver.growth.scenario_action_protocol.revised_v0_7,scenario_registry,public_payload,"public_payload contains runtime_use,production_use_allowed,ready_for_pilot",Keep selector public payload reader-safe: candidate ref/title/summary only; move runtime flags to provenance/replacement_policy/internal metadata.
B5-SCENARIO_ACTION-0471,scenario_action,P0,selector_public_payload_runtime_flags,selector_asset,content_assets/big5/result_page_v2/agent_runs/scenario_action_revised_v0_7_normalized/selector_asset_candidates.jsonl,116,candidate_content_scenario_action_revised_v0_7_normalized_sharp_exploratory_driver_growth_scenario_misread_and_repair_v0_7,candidate_scenario_action_revised_v0_7_normalized_sharp_exploratory_driver_growth_scenario_misread_and_repair_selector_v0_7,application_matrix.scenario_action.sharp_exploratory_driver.growth.scenario_misread_and_repair.revised_v0_7,scenario_registry,public_payload,"public_payload contains runtime_use,production_use_allowed,ready_for_pilot",Keep selector public payload reader-safe: candidate ref/title/summary only; move runtime flags to provenance/replacement_policy/internal metadata.
B5-SCENARIO_ACTION-0472,scenario_action,P0,selector_public_payload_runtime_flags,selector_asset,content_assets/big5/result_page_v2/agent_runs/scenario_action_revised_v0_7_normalized/selector_asset_candidates.jsonl,117,candidate_content_scenario_action_revised_v0_7_normalized_sharp_exploratory_driver_collaboration_scenario_core_pattern_v0_7,candidate_scenario_action_revised_v0_7_normalized_sharp_exploratory_driver_collaboration_scenario_core_pattern_selector_v0_7,collaboration_manual.scenario_action.sharp_exploratory_driver.collaboration.scenario_core_pattern.revised_v0_7,scenario_registry,public_payload,"public_payload contains runtime_use,production_use_allowed,ready_for_pilot",Keep selector public payload reader-safe: candidate ref/title/summary only; move runtime flags to provenance/replacement_policy/internal metadata.
B5-SCENARIO_ACTION-0473,scenario_action,P0,selector_public_payload_runtime_flags,selector_asset,content_assets/big5/result_page_v2/agent_runs/scenario_action_revised_v0_7_normalized/selector_asset_candidates.jsonl,118,candidate_content_scenario_action_revised_v0_7_normalized_sharp_exploratory_driver_collaboration_scenario_strength_and_risk_v0_7,candidate_scenario_action_revised_v0_7_normalized_sharp_exploratory_driver_collaboration_scenario_strength_and_risk_selector_v0_7,collaboration_manual.scenario_action.sharp_exploratory_driver.collaboration.scenario_strength_and_risk.revised_v0_7,scenario_registry,public_payload,"public_payload contains runtime_use,production_use_allowed,ready_for_pilot",Keep selector public payload reader-safe: candidate ref/title/summary only; move runtime flags to provenance/replacement_policy/internal metadata.
B5-SCENARIO_ACTION-0474,scenario_action,P0,selector_public_payload_runtime_flags,selector_asset,content_assets/big5/result_page_v2/agent_runs/scenario_action_revised_v0_7_normalized/selector_asset_candidates.jsonl,119,candidate_content_scenario_action_revised_v0_7_normalized_sharp_exploratory_driver_collaboration_scenario_action_protocol_v0_7,candidate_scenario_action_revised_v0_7_normalized_sharp_exploratory_driver_collaboration_scenario_action_protocol_selector_v0_7,collaboration_manual.scenario_action.sharp_exploratory_driver.collaboration.scenario_action_protocol.revised_v0_7,scenario_registry,public_payload,"public_payload contains runtime_use,production_use_allowed,ready_for_pilot",Keep selector public payload reader-safe: candidate ref/title/summary only; move runtime flags to provenance/replacement_policy/internal metadata.
B5-SCENARIO_ACTION-0475,scenario_action,P0,selector_public_payload_runtime_flags,selector_asset,content_assets/big5/result_page_v2/agent_runs/scenario_action_revised_v0_7_normalized/selector_asset_candidates.jsonl,120,candidate_content_scenario_action_revised_v0_7_normalized_sharp_exploratory_driver_collaboration_scenario_misread_and_repair_v0_7,candidate_scenario_action_revised_v0_7_normalized_sharp_exploratory_driver_collaboration_scenario_misread_and_repair_selector_v0_7,collaboration_manual.scenario_action.sharp_exploratory_driver.collaboration.scenario_misread_and_repair.revised_v0_7,scenario_registry,public_payload,"public_payload contains runtime_use,production_use_allowed,ready_for_pilot",Keep selector public payload reader-safe: candidate ref/title/summary only; move runtime flags to provenance/replacement_policy/internal metadata.
B5-SCENARIO_ACTION-0476,scenario_action,P0,selector_public_payload_runtime_flags,selector_asset,content_assets/big5/result_page_v2/agent_runs/scenario_action_revised_v0_7_normalized/selector_asset_candidates.jsonl,121,candidate_content_scenario_action_revised_v0_7_normalized_orderly_supporter_work_scenario_core_pattern_v0_7,candidate_scenario_action_revised_v0_7_normalized_orderly_supporter_work_scenario_core_pattern_selector_v0_7,application_matrix.scenario_action.orderly_supporter.work.scenario_core_pattern.revised_v0_7,scenario_registry,public_payload,"public_payload contains runtime_use,production_use_allowed,ready_for_pilot",Keep selector public payload reader-safe: candidate ref/title/summary only; move runtime flags to provenance/replacement_policy/internal metadata.
B5-SCENARIO_ACTION-0477,scenario_action,P0,selector_public_payload_runtime_flags,selector_asset,content_assets/big5/result_page_v2/agent_runs/scenario_action_revised_v0_7_normalized/selector_asset_candidates.jsonl,122,candidate_content_scenario_action_revised_v0_7_normalized_orderly_supporter_work_scenario_strength_and_risk_v0_7,candidate_scenario_action_revised_v0_7_normalized_orderly_supporter_work_scenario_strength_and_risk_selector_v0_7,application_matrix.scenario_action.orderly_supporter.work.scenario_strength_and_risk.revised_v0_7,scenario_registry,public_payload,"public_payload contains runtime_use,production_use_allowed,ready_for_pilot",Keep selector public payload reader-safe: candidate ref/title/summary only; move runtime flags to provenance/replacement_policy/internal metadata.
B5-SCENARIO_ACTION-0478,scenario_action,P0,selector_public_payload_runtime_flags,selector_asset,content_assets/big5/result_page_v2/agent_runs/scenario_action_revised_v0_7_normalized/selector_asset_candidates.jsonl,123,candidate_content_scenario_action_revised_v0_7_normalized_orderly_supporter_work_scenario_action_protocol_v0_7,candidate_scenario_action_revised_v0_7_normalized_orderly_supporter_work_scenario_action_protocol_selector_v0_7,application_matrix.scenario_action.orderly_supporter.work.scenario_action_protocol.revised_v0_7,scenario_registry,public_payload,"public_payload contains runtime_use,production_use_allowed,ready_for_pilot",Keep selector public payload reader-safe: candidate ref/title/summary only; move runtime flags to provenance/replacement_policy/internal metadata.
B5-SCENARIO_ACTION-0479,scenario_action,P0,selector_public_payload_runtime_flags,selector_asset,content_assets/big5/result_page_v2/agent_runs/scenario_action_revised_v0_7_normalized/selector_asset_candidates.jsonl,124,candidate_content_scenario_action_revised_v0_7_normalized_orderly_supporter_work_scenario_misread_and_repair_v0_7,candidate_scenario_action_revised_v0_7_normalized_orderly_supporter_work_scenario_misread_and_repair_selector_v0_7,application_matrix.scenario_action.orderly_supporter.work.scenario_misread_and_repair.revised_v0_7,scenario_registry,public_payload,"public_payload contains runtime_use,production_use_allowed,ready_for_pilot",Keep selector public payload reader-safe: candidate ref/title/summary only; move runtime flags to provenance/replacement_policy/internal metadata.
B5-SCENARIO_ACTION-0480,scenario_action,P0,selector_public_payload_runtime_flags,selector_asset,content_assets/big5/result_page_v2/agent_runs/scenario_action_revised_v0_7_normalized/selector_asset_candidates.jsonl,125,candidate_content_scenario_action_revised_v0_7_normalized_orderly_supporter_relationship_scenario_core_pattern_v0_7,candidate_scenario_action_revised_v0_7_normalized_orderly_supporter_relationship_scenario_core_pattern_selector_v0_7,application_matrix.scenario_action.orderly_supporter.relationship.scenario_core_pattern.revised_v0_7,scenario_registry,public_payload,"public_payload contains runtime_use,production_use_allowed,ready_for_pilot",Keep selector public payload reader-safe: candidate ref/title/summary only; move runtime flags to provenance/replacement_policy/internal metadata.
B5-SCENARIO_ACTION-0481,scenario_action,P0,selector_public_payload_runtime_flags,selector_asset,content_assets/big5/result_page_v2/agent_runs/scenario_action_revised_v0_7_normalized/selector_asset_candidates.jsonl,126,candidate_content_scenario_action_revised_v0_7_normalized_orderly_supporter_relationship_scenario_strength_and_risk_v0_7,candidate_scenario_action_revised_v0_7_normalized_orderly_supporter_relationship_scenario_strength_and_risk_selector_v0_7,application_matrix.scenario_action.orderly_supporter.relationship.scenario_strength_and_risk.revised_v0_7,scenario_registry,public_payload,"public_payload contains runtime_use,production_use_allowed,ready_for_pilot",Keep selector public payload reader-safe: candidate ref/title/summary only; move runtime flags to provenance/replacement_policy/internal metadata.
B5-SCENARIO_ACTION-0482,scenario_action,P0,selector_public_payload_runtime_flags,selector_asset,content_assets/big5/result_page_v2/agent_runs/scenario_action_revised_v0_7_normalized/selector_asset_candidates.jsonl,127,candidate_content_scenario_action_revised_v0_7_normalized_orderly_supporter_relationship_scenario_action_protocol_v0_7,candidate_scenario_action_revised_v0_7_normalized_orderly_supporter_relationship_scenario_action_protocol_selector_v0_7,application_matrix.scenario_action.orderly_supporter.relationship.scenario_action_protocol.revised_v0_7,scenario_registry,public_payload,"public_payload contains runtime_use,production_use_allowed,ready_for_pilot",Keep selector public payload reader-safe: candidate ref/title/summary only; move runtime flags to provenance/replacement_policy/internal metadata.
B5-SCENARIO_ACTION-0483,scenario_action,P0,selector_public_payload_runtime_flags,selector_asset,content_assets/big5/result_page_v2/agent_runs/scenario_action_revised_v0_7_normalized/selector_asset_candidates.jsonl,128,candidate_content_scenario_action_revised_v0_7_normalized_orderly_supporter_relationship_scenario_misread_and_repair_v0_7,candidate_scenario_action_revised_v0_7_normalized_orderly_supporter_relationship_scenario_misread_and_repair_selector_v0_7,application_matrix.scenario_action.orderly_supporter.relationship.scenario_misread_and_repair.revised_v0_7,scenario_registry,public_payload,"public_payload contains runtime_use,production_use_allowed,ready_for_pilot",Keep selector public payload reader-safe: candidate ref/title/summary only; move runtime flags to provenance/replacement_policy/internal metadata.
B5-SCENARIO_ACTION-0484,scenario_action,P0,selector_public_payload_runtime_flags,selector_asset,content_assets/big5/result_page_v2/agent_runs/scenario_action_revised_v0_7_normalized/selector_asset_candidates.jsonl,129,candidate_content_scenario_action_revised_v0_7_normalized_orderly_supporter_stress_scenario_core_pattern_v0_7,candidate_scenario_action_revised_v0_7_normalized_orderly_supporter_stress_scenario_core_pattern_selector_v0_7,application_matrix.scenario_action.orderly_supporter.stress.scenario_core_pattern.revised_v0_7,scenario_registry,public_payload,"public_payload contains runtime_use,production_use_allowed,ready_for_pilot",Keep selector public payload reader-safe: candidate ref/title/summary only; move runtime flags to provenance/replacement_policy/internal metadata.
B5-SCENARIO_ACTION-0485,scenario_action,P0,selector_public_payload_runtime_flags,selector_asset,content_assets/big5/result_page_v2/agent_runs/scenario_action_revised_v0_7_normalized/selector_asset_candidates.jsonl,130,candidate_content_scenario_action_revised_v0_7_normalized_orderly_supporter_stress_scenario_strength_and_risk_v0_7,candidate_scenario_action_revised_v0_7_normalized_orderly_supporter_stress_scenario_strength_and_risk_selector_v0_7,application_matrix.scenario_action.orderly_supporter.stress.scenario_strength_and_risk.revised_v0_7,scenario_registry,public_payload,"public_payload contains runtime_use,production_use_allowed,ready_for_pilot",Keep selector public payload reader-safe: candidate ref/title/summary only; move runtime flags to provenance/replacement_policy/internal metadata.
B5-SCENARIO_ACTION-0486,scenario_action,P0,selector_public_payload_runtime_flags,selector_asset,content_assets/big5/result_page_v2/agent_runs/scenario_action_revised_v0_7_normalized/selector_asset_candidates.jsonl,131,candidate_content_scenario_action_revised_v0_7_normalized_orderly_supporter_stress_scenario_action_protocol_v0_7,candidate_scenario_action_revised_v0_7_normalized_orderly_supporter_stress_scenario_action_protocol_selector_v0_7,application_matrix.scenario_action.orderly_supporter.stress.scenario_action_protocol.revised_v0_7,scenario_registry,public_payload,"public_payload contains runtime_use,production_use_allowed,ready_for_pilot",Keep selector public payload reader-safe: candidate ref/title/summary only; move runtime flags to provenance/replacement_policy/internal metadata.
B5-SCENARIO_ACTION-0487,scenario_action,P0,selector_public_payload_runtime_flags,selector_asset,content_assets/big5/result_page_v2/agent_runs/scenario_action_revised_v0_7_normalized/selector_asset_candidates.jsonl,132,candidate_content_scenario_action_revised_v0_7_normalized_orderly_supporter_stress_scenario_misread_and_repair_v0_7,candidate_scenario_action_revised_v0_7_normalized_orderly_supporter_stress_scenario_misread_and_repair_selector_v0_7,application_matrix.scenario_action.orderly_supporter.stress.scenario_misread_and_repair.revised_v0_7,scenario_registry,public_payload,"public_payload contains runtime_use,production_use_allowed,ready_for_pilot",Keep selector public payload reader-safe: candidate ref/title/summary only; move runtime flags to provenance/replacement_policy/internal metadata.
B5-SCENARIO_ACTION-0488,scenario_action,P0,selector_public_payload_runtime_flags,selector_asset,content_assets/big5/result_page_v2/agent_runs/scenario_action_revised_v0_7_normalized/selector_asset_candidates.jsonl,133,candidate_content_scenario_action_revised_v0_7_normalized_orderly_supporter_growth_scenario_core_pattern_v0_7,candidate_scenario_action_revised_v0_7_normalized_orderly_supporter_growth_scenario_core_pattern_selector_v0_7,application_matrix.scenario_action.orderly_supporter.growth.scenario_core_pattern.revised_v0_7,scenario_registry,public_payload,"public_payload contains runtime_use,production_use_allowed,ready_for_pilot",Keep selector public payload reader-safe: candidate ref/title/summary only; move runtime flags to provenance/replacement_policy/internal metadata.
B5-SCENARIO_ACTION-0489,scenario_action,P0,selector_public_payload_runtime_flags,selector_asset,content_assets/big5/result_page_v2/agent_runs/scenario_action_revised_v0_7_normalized/selector_asset_candidates.jsonl,134,candidate_content_scenario_action_revised_v0_7_normalized_orderly_supporter_growth_scenario_strength_and_risk_v0_7,candidate_scenario_action_revised_v0_7_normalized_orderly_supporter_growth_scenario_strength_and_risk_selector_v0_7,application_matrix.scenario_action.orderly_supporter.growth.scenario_strength_and_risk.revised_v0_7,scenario_registry,public_payload,"public_payload contains runtime_use,production_use_allowed,ready_for_pilot",Keep selector public payload reader-safe: candidate ref/title/summary only; move runtime flags to provenance/replacement_policy/internal metadata.
B5-SCENARIO_ACTION-0490,scenario_action,P0,selector_public_payload_runtime_flags,selector_asset,content_assets/big5/result_page_v2/agent_runs/scenario_action_revised_v0_7_normalized/selector_asset_candidates.jsonl,135,candidate_content_scenario_action_revised_v0_7_normalized_orderly_supporter_growth_scenario_action_protocol_v0_7,candidate_scenario_action_revised_v0_7_normalized_orderly_supporter_growth_scenario_action_protocol_selector_v0_7,application_matrix.scenario_action.orderly_supporter.growth.scenario_action_protocol.revised_v0_7,scenario_registry,public_payload,"public_payload contains runtime_use,production_use_allowed,ready_for_pilot",Keep selector public payload reader-safe: candidate ref/title/summary only; move runtime flags to provenance/replacement_policy/internal metadata.
B5-SCENARIO_ACTION-0491,scenario_action,P0,selector_public_payload_runtime_flags,selector_asset,content_assets/big5/result_page_v2/agent_runs/scenario_action_revised_v0_7_normalized/selector_asset_candidates.jsonl,136,candidate_content_scenario_action_revised_v0_7_normalized_orderly_supporter_growth_scenario_misread_and_repair_v0_7,candidate_scenario_action_revised_v0_7_normalized_orderly_supporter_growth_scenario_misread_and_repair_selector_v0_7,application_matrix.scenario_action.orderly_supporter.growth.scenario_misread_and_repair.revised_v0_7,scenario_registry,public_payload,"public_payload contains runtime_use,production_use_allowed,ready_for_pilot",Keep selector public payload reader-safe: candidate ref/title/summary only; move runtime flags to provenance/replacement_policy/internal metadata.
B5-SCENARIO_ACTION-0492,scenario_action,P0,selector_public_payload_runtime_flags,selector_asset,content_assets/big5/result_page_v2/agent_runs/scenario_action_revised_v0_7_normalized/selector_asset_candidates.jsonl,137,candidate_content_scenario_action_revised_v0_7_normalized_orderly_supporter_collaboration_scenario_core_pattern_v0_7,candidate_scenario_action_revised_v0_7_normalized_orderly_supporter_collaboration_scenario_core_pattern_selector_v0_7,collaboration_manual.scenario_action.orderly_supporter.collaboration.scenario_core_pattern.revised_v0_7,scenario_registry,public_payload,"public_payload contains runtime_use,production_use_allowed,ready_for_pilot",Keep selector public payload reader-safe: candidate ref/title/summary only; move runtime flags to provenance/replacement_policy/internal metadata.
B5-SCENARIO_ACTION-0493,scenario_action,P0,selector_public_payload_runtime_flags,selector_asset,content_assets/big5/result_page_v2/agent_runs/scenario_action_revised_v0_7_normalized/selector_asset_candidates.jsonl,138,candidate_content_scenario_action_revised_v0_7_normalized_orderly_supporter_collaboration_scenario_strength_and_risk_v0_7,candidate_scenario_action_revised_v0_7_normalized_orderly_supporter_collaboration_scenario_strength_and_risk_selector_v0_7,collaboration_manual.scenario_action.orderly_supporter.collaboration.scenario_strength_and_risk.revised_v0_7,scenario_registry,public_payload,"public_payload contains runtime_use,production_use_allowed,ready_for_pilot",Keep selector public payload reader-safe: candidate ref/title/summary only; move runtime flags to provenance/replacement_policy/internal metadata.
B5-SCENARIO_ACTION-0494,scenario_action,P0,selector_public_payload_runtime_flags,selector_asset,content_assets/big5/result_page_v2/agent_runs/scenario_action_revised_v0_7_normalized/selector_asset_candidates.jsonl,139,candidate_content_scenario_action_revised_v0_7_normalized_orderly_supporter_collaboration_scenario_action_protocol_v0_7,candidate_scenario_action_revised_v0_7_normalized_orderly_supporter_collaboration_scenario_action_protocol_selector_v0_7,collaboration_manual.scenario_action.orderly_supporter.collaboration.scenario_action_protocol.revised_v0_7,scenario_registry,public_payload,"public_payload contains runtime_use,production_use_allowed,ready_for_pilot",Keep selector public payload reader-safe: candidate ref/title/summary only; move runtime flags to provenance/replacement_policy/internal metadata.
B5-SCENARIO_ACTION-0495,scenario_action,P0,selector_public_payload_runtime_flags,selector_asset,content_assets/big5/result_page_v2/agent_runs/scenario_action_revised_v0_7_normalized/selector_asset_candidates.jsonl,140,candidate_content_scenario_action_revised_v0_7_normalized_orderly_supporter_collaboration_scenario_misread_and_repair_v0_7,candidate_scenario_action_revised_v0_7_normalized_orderly_supporter_collaboration_scenario_misread_and_repair_selector_v0_7,collaboration_manual.scenario_action.orderly_supporter.collaboration.scenario_misread_and_repair.revised_v0_7,scenario_registry,public_payload,"public_payload contains runtime_use,production_use_allowed,ready_for_pilot",Keep selector public payload reader-safe: candidate ref/title/summary only; move runtime flags to provenance/replacement_policy/internal metadata.
B5-SCENARIO_ACTION-0496,scenario_action,P0,selector_public_payload_runtime_flags,selector_asset,content_assets/big5/result_page_v2/agent_runs/scenario_action_revised_v0_7_normalized/selector_asset_candidates.jsonl,141,candidate_content_scenario_action_revised_v0_7_normalized_overloaded_internalizer_work_scenario_core_pattern_v0_7,candidate_scenario_action_revised_v0_7_normalized_overloaded_internalizer_work_scenario_core_pattern_selector_v0_7,application_matrix.scenario_action.overloaded_internalizer.work.scenario_core_pattern.revised_v0_7,scenario_registry,public_payload,"public_payload contains runtime_use,production_use_allowed,ready_for_pilot",Keep selector public payload reader-safe: candidate ref/title/summary only; move runtime flags to provenance/replacement_policy/internal metadata.
B5-SCENARIO_ACTION-0497,scenario_action,P0,selector_public_payload_runtime_flags,selector_asset,content_assets/big5/result_page_v2/agent_runs/scenario_action_revised_v0_7_normalized/selector_asset_candidates.jsonl,142,candidate_content_scenario_action_revised_v0_7_normalized_overloaded_internalizer_work_scenario_strength_and_risk_v0_7,candidate_scenario_action_revised_v0_7_normalized_overloaded_internalizer_work_scenario_strength_and_risk_selector_v0_7,application_matrix.scenario_action.overloaded_internalizer.work.scenario_strength_and_risk.revised_v0_7,scenario_registry,public_payload,"public_payload contains runtime_use,production_use_allowed,ready_for_pilot",Keep selector public payload reader-safe: candidate ref/title/summary only; move runtime flags to provenance/replacement_policy/internal metadata.
B5-SCENARIO_ACTION-0498,scenario_action,P0,selector_public_payload_runtime_flags,selector_asset,content_assets/big5/result_page_v2/agent_runs/scenario_action_revised_v0_7_normalized/selector_asset_candidates.jsonl,143,candidate_content_scenario_action_revised_v0_7_normalized_overloaded_internalizer_work_scenario_action_protocol_v0_7,candidate_scenario_action_revised_v0_7_normalized_overloaded_internalizer_work_scenario_action_protocol_selector_v0_7,application_matrix.scenario_action.overloaded_internalizer.work.scenario_action_protocol.revised_v0_7,scenario_registry,public_payload,"public_payload contains runtime_use,production_use_allowed,ready_for_pilot",Keep selector public payload reader-safe: candidate ref/title/summary only; move runtime flags to provenance/replacement_policy/internal metadata.
B5-SCENARIO_ACTION-0499,scenario_action,P0,selector_public_payload_runtime_flags,selector_asset,content_assets/big5/result_page_v2/agent_runs/scenario_action_revised_v0_7_normalized/selector_asset_candidates.jsonl,144,candidate_content_scenario_action_revised_v0_7_normalized_overloaded_internalizer_work_scenario_misread_and_repair_v0_7,candidate_scenario_action_revised_v0_7_normalized_overloaded_internalizer_work_scenario_misread_and_repair_selector_v0_7,application_matrix.scenario_action.overloaded_internalizer.work.scenario_misread_and_repair.revised_v0_7,scenario_registry,public_payload,"public_payload contains runtime_use,production_use_allowed,ready_for_pilot",Keep selector public payload reader-safe: candidate ref/title/summary only; move runtime flags to provenance/replacement_policy/internal metadata.
B5-SCENARIO_ACTION-0500,scenario_action,P0,selector_public_payload_runtime_flags,selector_asset,content_assets/big5/result_page_v2/agent_runs/scenario_action_revised_v0_7_normalized/selector_asset_candidates.jsonl,145,candidate_content_scenario_action_revised_v0_7_normalized_overloaded_internalizer_relationship_scenario_core_pattern_v0_7,candidate_scenario_action_revised_v0_7_normalized_overloaded_internalizer_relationship_scenario_core_pattern_selector_v0_7,application_matrix.scenario_action.overloaded_internalizer.relationship.scenario_core_pattern.revised_v0_7,scenario_registry,public_payload,"public_payload contains runtime_use,production_use_allowed,ready_for_pilot",Keep selector public payload reader-safe: candidate ref/title/summary only; move runtime flags to provenance/replacement_policy/internal metadata.
B5-SCENARIO_ACTION-0501,scenario_action,P0,selector_public_payload_runtime_flags,selector_asset,content_assets/big5/result_page_v2/agent_runs/scenario_action_revised_v0_7_normalized/selector_asset_candidates.jsonl,146,candidate_content_scenario_action_revised_v0_7_normalized_overloaded_internalizer_relationship_scenario_strength_and_risk_v0_7,candidate_scenario_action_revised_v0_7_normalized_overloaded_internalizer_relationship_scenario_strength_and_risk_selector_v0_7,application_matrix.scenario_action.overloaded_internalizer.relationship.scenario_strength_and_risk.revised_v0_7,scenario_registry,public_payload,"public_payload contains runtime_use,production_use_allowed,ready_for_pilot",Keep selector public payload reader-safe: candidate ref/title/summary only; move runtime flags to provenance/replacement_policy/internal metadata.
B5-SCENARIO_ACTION-0502,scenario_action,P0,selector_public_payload_runtime_flags,selector_asset,content_assets/big5/result_page_v2/agent_runs/scenario_action_revised_v0_7_normalized/selector_asset_candidates.jsonl,147,candidate_content_scenario_action_revised_v0_7_normalized_overloaded_internalizer_relationship_scenario_action_protocol_v0_7,candidate_scenario_action_revised_v0_7_normalized_overloaded_internalizer_relationship_scenario_action_protocol_selector_v0_7,application_matrix.scenario_action.overloaded_internalizer.relationship.scenario_action_protocol.revised_v0_7,scenario_registry,public_payload,"public_payload contains runtime_use,production_use_allowed,ready_for_pilot",Keep selector public payload reader-safe: candidate ref/title/summary only; move runtime flags to provenance/replacement_policy/internal metadata.
B5-SCENARIO_ACTION-0503,scenario_action,P0,selector_public_payload_runtime_flags,selector_asset,content_assets/big5/result_page_v2/agent_runs/scenario_action_revised_v0_7_normalized/selector_asset_candidates.jsonl,148,candidate_content_scenario_action_revised_v0_7_normalized_overloaded_internalizer_relationship_scenario_misread_and_repair_v0_7,candidate_scenario_action_revised_v0_7_normalized_overloaded_internalizer_relationship_scenario_misread_and_repair_selector_v0_7,application_matrix.scenario_action.overloaded_internalizer.relationship.scenario_misread_and_repair.revised_v0_7,scenario_registry,public_payload,"public_payload contains runtime_use,production_use_allowed,ready_for_pilot",Keep selector public payload reader-safe: candidate ref/title/summary only; move runtime flags to provenance/replacement_policy/internal metadata.
B5-SCENARIO_ACTION-0504,scenario_action,P0,selector_public_payload_runtime_flags,selector_asset,content_assets/big5/result_page_v2/agent_runs/scenario_action_revised_v0_7_normalized/selector_asset_candidates.jsonl,149,candidate_content_scenario_action_revised_v0_7_normalized_overloaded_internalizer_stress_scenario_core_pattern_v0_7,candidate_scenario_action_revised_v0_7_normalized_overloaded_internalizer_stress_scenario_core_pattern_selector_v0_7,application_matrix.scenario_action.overloaded_internalizer.stress.scenario_core_pattern.revised_v0_7,scenario_registry,public_payload,"public_payload contains runtime_use,production_use_allowed,ready_for_pilot",Keep selector public payload reader-safe: candidate ref/title/summary only; move runtime flags to provenance/replacement_policy/internal metadata.
B5-SCENARIO_ACTION-0505,scenario_action,P0,selector_public_payload_runtime_flags,selector_asset,content_assets/big5/result_page_v2/agent_runs/scenario_action_revised_v0_7_normalized/selector_asset_candidates.jsonl,150,candidate_content_scenario_action_revised_v0_7_normalized_overloaded_internalizer_stress_scenario_strength_and_risk_v0_7,candidate_scenario_action_revised_v0_7_normalized_overloaded_internalizer_stress_scenario_strength_and_risk_selector_v0_7,application_matrix.scenario_action.overloaded_internalizer.stress.scenario_strength_and_risk.revised_v0_7,scenario_registry,public_payload,"public_payload contains runtime_use,production_use_allowed,ready_for_pilot",Keep selector public payload reader-safe: candidate ref/title/summary only; move runtime flags to provenance/replacement_policy/internal metadata.
B5-SCENARIO_ACTION-0506,scenario_action,P0,selector_public_payload_runtime_flags,selector_asset,content_assets/big5/result_page_v2/agent_runs/scenario_action_revised_v0_7_normalized/selector_asset_candidates.jsonl,151,candidate_content_scenario_action_revised_v0_7_normalized_overloaded_internalizer_stress_scenario_action_protocol_v0_7,candidate_scenario_action_revised_v0_7_normalized_overloaded_internalizer_stress_scenario_action_protocol_selector_v0_7,application_matrix.scenario_action.overloaded_internalizer.stress.scenario_action_protocol.revised_v0_7,scenario_registry,public_payload,"public_payload contains runtime_use,production_use_allowed,ready_for_pilot",Keep selector public payload reader-safe: candidate ref/title/summary only; move runtime flags to provenance/replacement_policy/internal metadata.
B5-SCENARIO_ACTION-0507,scenario_action,P0,selector_public_payload_runtime_flags,selector_asset,content_assets/big5/result_page_v2/agent_runs/scenario_action_revised_v0_7_normalized/selector_asset_candidates.jsonl,152,candidate_content_scenario_action_revised_v0_7_normalized_overloaded_internalizer_stress_scenario_misread_and_repair_v0_7,candidate_scenario_action_revised_v0_7_normalized_overloaded_internalizer_stress_scenario_misread_and_repair_selector_v0_7,application_matrix.scenario_action.overloaded_internalizer.stress.scenario_misread_and_repair.revised_v0_7,scenario_registry,public_payload,"public_payload contains runtime_use,production_use_allowed,ready_for_pilot",Keep selector public payload reader-safe: candidate ref/title/summary only; move runtime flags to provenance/replacement_policy/internal metadata.
B5-SCENARIO_ACTION-0508,scenario_action,P0,selector_public_payload_runtime_flags,selector_asset,content_assets/big5/result_page_v2/agent_runs/scenario_action_revised_v0_7_normalized/selector_asset_candidates.jsonl,153,candidate_content_scenario_action_revised_v0_7_normalized_overloaded_internalizer_growth_scenario_core_pattern_v0_7,candidate_scenario_action_revised_v0_7_normalized_overloaded_internalizer_growth_scenario_core_pattern_selector_v0_7,application_matrix.scenario_action.overloaded_internalizer.growth.scenario_core_pattern.revised_v0_7,scenario_registry,public_payload,"public_payload contains runtime_use,production_use_allowed,ready_for_pilot",Keep selector public payload reader-safe: candidate ref/title/summary only; move runtime flags to provenance/replacement_policy/internal metadata.
B5-SCENARIO_ACTION-0509,scenario_action,P0,selector_public_payload_runtime_flags,selector_asset,content_assets/big5/result_page_v2/agent_runs/scenario_action_revised_v0_7_normalized/selector_asset_candidates.jsonl,154,candidate_content_scenario_action_revised_v0_7_normalized_overloaded_internalizer_growth_scenario_strength_and_risk_v0_7,candidate_scenario_action_revised_v0_7_normalized_overloaded_internalizer_growth_scenario_strength_and_risk_selector_v0_7,application_matrix.scenario_action.overloaded_internalizer.growth.scenario_strength_and_risk.revised_v0_7,scenario_registry,public_payload,"public_payload contains runtime_use,production_use_allowed,ready_for_pilot",Keep selector public payload reader-safe: candidate ref/title/summary only; move runtime flags to provenance/replacement_policy/internal metadata.
B5-SCENARIO_ACTION-0510,scenario_action,P0,selector_public_payload_runtime_flags,selector_asset,content_assets/big5/result_page_v2/agent_runs/scenario_action_revised_v0_7_normalized/selector_asset_candidates.jsonl,155,candidate_content_scenario_action_revised_v0_7_normalized_overloaded_internalizer_growth_scenario_action_protocol_v0_7,candidate_scenario_action_revised_v0_7_normalized_overloaded_internalizer_growth_scenario_action_protocol_selector_v0_7,application_matrix.scenario_action.overloaded_internalizer.growth.scenario_action_protocol.revised_v0_7,scenario_registry,public_payload,"public_payload contains runtime_use,production_use_allowed,ready_for_pilot",Keep selector public payload reader-safe: candidate ref/title/summary only; move runtime flags to provenance/replacement_policy/internal metadata.
B5-SCENARIO_ACTION-0511,scenario_action,P0,selector_public_payload_runtime_flags,selector_asset,content_assets/big5/result_page_v2/agent_runs/scenario_action_revised_v0_7_normalized/selector_asset_candidates.jsonl,156,candidate_content_scenario_action_revised_v0_7_normalized_overloaded_internalizer_growth_scenario_misread_and_repair_v0_7,candidate_scenario_action_revised_v0_7_normalized_overloaded_internalizer_growth_scenario_misread_and_repair_selector_v0_7,application_matrix.scenario_action.overloaded_internalizer.growth.scenario_misread_and_repair.revised_v0_7,scenario_registry,public_payload,"public_payload contains runtime_use,production_use_allowed,ready_for_pilot",Keep selector public payload reader-safe: candidate ref/title/summary only; move runtime flags to provenance/replacement_policy/internal metadata.
B5-SCENARIO_ACTION-0512,scenario_action,P0,selector_public_payload_runtime_flags,selector_asset,content_assets/big5/result_page_v2/agent_runs/scenario_action_revised_v0_7_normalized/selector_asset_candidates.jsonl,157,candidate_content_scenario_action_revised_v0_7_normalized_overloaded_internalizer_collaboration_scenario_core_pattern_v0_7,candidate_scenario_action_revised_v0_7_normalized_overloaded_internalizer_collaboration_scenario_core_pattern_selector_v0_7,collaboration_manual.scenario_action.overloaded_internalizer.collaboration.scenario_core_pattern.revised_v0_7,scenario_registry,public_payload,"public_payload contains runtime_use,production_use_allowed,ready_for_pilot",Keep selector public payload reader-safe: candidate ref/title/summary only; move runtime flags to provenance/replacement_policy/internal metadata.
B5-SCENARIO_ACTION-0513,scenario_action,P0,selector_public_payload_runtime_flags,selector_asset,content_assets/big5/result_page_v2/agent_runs/scenario_action_revised_v0_7_normalized/selector_asset_candidates.jsonl,158,candidate_content_scenario_action_revised_v0_7_normalized_overloaded_internalizer_collaboration_scenario_strength_and_risk_v0_7,candidate_scenario_action_revised_v0_7_normalized_overloaded_internalizer_collaboration_scenario_strength_and_risk_selector_v0_7,collaboration_manual.scenario_action.overloaded_internalizer.collaboration.scenario_strength_and_risk.revised_v0_7,scenario_registry,public_payload,"public_payload contains runtime_use,production_use_allowed,ready_for_pilot",Keep selector public payload reader-safe: candidate ref/title/summary only; move runtime flags to provenance/replacement_policy/internal metadata.
B5-SCENARIO_ACTION-0514,scenario_action,P0,selector_public_payload_runtime_flags,selector_asset,content_assets/big5/result_page_v2/agent_runs/scenario_action_revised_v0_7_normalized/selector_asset_candidates.jsonl,159,candidate_content_scenario_action_revised_v0_7_normalized_overloaded_internalizer_collaboration_scenario_action_protocol_v0_7,candidate_scenario_action_revised_v0_7_normalized_overloaded_internalizer_collaboration_scenario_action_protocol_selector_v0_7,collaboration_manual.scenario_action.overloaded_internalizer.collaboration.scenario_action_protocol.revised_v0_7,scenario_registry,public_payload,"public_payload contains runtime_use,production_use_allowed,ready_for_pilot",Keep selector public payload reader-safe: candidate ref/title/summary only; move runtime flags to provenance/replacement_policy/internal metadata.
B5-SCENARIO_ACTION-0515,scenario_action,P0,selector_public_payload_runtime_flags,selector_asset,content_assets/big5/result_page_v2/agent_runs/scenario_action_revised_v0_7_normalized/selector_asset_candidates.jsonl,160,candidate_content_scenario_action_revised_v0_7_normalized_overloaded_internalizer_collaboration_scenario_misread_and_repair_v0_7,candidate_scenario_action_revised_v0_7_normalized_overloaded_internalizer_collaboration_scenario_misread_and_repair_selector_v0_7,collaboration_manual.scenario_action.overloaded_internalizer.collaboration.scenario_misread_and_repair.revised_v0_7,scenario_registry,public_payload,"public_payload contains runtime_use,production_use_allowed,ready_for_pilot",Keep selector public payload reader-safe: candidate ref/title/summary only; move runtime flags to provenance/replacement_policy/internal metadata.
